a_id,action
0,支付
1,为
2,有
3,提出
4,承担
5,是
6,提供
7,作出
8,提交
9,要求
10,进行
11,签订
12,认为
13,赔偿
14,符合
15,认定
16,无
17,发生
18,判决
19,计算
20,约定
21,证明
22,存在
23,履行
24,主张
25,驾驶
26,系
27,办理
28,交纳
29,解除
30,请求
31,申请
32,属于
33,确定
34,人民法院
35,使用
36,同意
37,出具
38,没有
39,构成
40,产生
41,称
42,予以
43,给
44,违反
45,提起
46,具有
47,驳回
48,取得
49,确认
50,计
51,解释
52,表示
53,偿还
54,作为
55,缺乏
56,执行
57,审理
58,不服
59,简称
60,规定
61,支持
62,考虑
63,交
64,认可
65,侵犯
66,发出
67,享有
68,收取
69,陈述
70,适用
71,管理
72,属
73,损害
74,委托
75,包括
76,作
77,如下
78,给付
79,起诉
80,处理
81,判处
82,达成
83,超过
84,返还
85,造成
86,止
87,辩称
88,指控
89,退还
90,行驶
91,证实
92,收到
93,成立
94,付
95,结合
96,持
97,交付
98,受到
99,缴纳
100,实施
101,负责
102,采取
103,变更
104,到
105,经营
106,登记
107,上诉
108,不予
109,影响
110,具备
111,拘留
112,购买
113,获得
114,给予
115,说
116,撤销
117,裁定
118,销售
119,借款
120,决定
121,强制
122,诉
123,送达
124,形成
125,破裂
126,负
127,犯
128,参加
129,转让
130,查明
131,发放
132,拖欠
133,涉及
134,通知
135,负担
136,低于
137,打
138,告知
139,完成
140,记载
141,欠
142,侵害
143,受
144,还
145,继续
146,相同
147,供述
148,清偿
149,送
150,投保
151,参照
152,发现
153,开始
154,羁押
155,显示
156,审
157,终止
158,建立
159,合法
160,采纳
161,归还
162,工作
163,出现
164,注册
165,拿
166,安排
167,受伤
168,予
169,做出
170,调整
171,逮捕
172,超出
173,征收
174,处
175,建设
176,在
177,行使
178,享受
179,负有
180,参与
181,视为
182,对
183,停止
184,位于
185,得到
186,责令
187,生效
188,取保
189,授权
190,清楚
191,并非
192,致
193,抓获
194,签署
195,实现
196,诉称
197,领取
198,设有
199,发
200,处罚
201,无关
202,不足
203,尽
204,施工
205,损坏
206,汇
207,受理
208,无效
209,制止
210,起
211,签名
212,生产
213,做
214,减去
215,处于
216,收回
217,届满
218,增加
219,入职
220,举证
221,批准
222,正确
223,放弃
224,明确
225,死亡
226,接收
227,分配
228,制作
229,签字
230,骨折
231,选择
232,相符
233,联系
234,违背
235,问
236,达到
237,开设
238,维持
239,分担
240,近似
241,承包
242,带
243,借
244,鉴定
245,合作
246,追究
247,整理
248,从事
249,协商
250,写
251,扣押
252,垫付
253,说明
254,诉请
255,转移
256,撤回
257,使
258,辨认
259,看
260,载
261,讨论
262,找
263,知道
264,诉讼
265,输送
266,判
267,找到
268,反映
269,来到
270,知晓
271,出示
272,合理
273,呈
274,服务
275,协助
276,告诉
277,终结
278,扣除
279,适应
280,管辖
281,涉
282,设立
283,维护
284,高
285,出生
286,转
287,人民政府
288,付清
289,包含
290,买卖
291,接受
292,还款
293,酌定
294,审查
295,记录
296,免除
297,代理
298,提
299,上浮
300,一致
301,让
302,支出
303,无视
304,建议
305,导致
306,签收
307,违法
308,保护
309,混淆
310,付款
311,补填
312,出售
313,赔付
314,贷款
315,租赁
316,遭受
317,加
318,否认
319,确
320,核定
321,中止
322,计收
323,过
324,组成
325,结算
326,补
327,需要
328,承诺
329,继承
330,代
331,扣
332,限于
333,碰撞
334,相撞
335,了解
336,办
337,处分
338,含
339,落入
340,成为
341,归
342,得知
343,申报
344,核发
345,住院
346,保证
347,违约
348,减少
349,剥夺
350,损伤
351,丧失
352,购进
353,存
354,指定
355,综合
356,检查
357,恢复
358,侵权
359,开具
360,没收
361,签
362,开发
363,发送
364,拟
365,前进
366,代表
367,采用
368,充分
369,开
370,供
371,接到
372,纳入
373,离婚
374,争议
375,打电话
376,不符
377,整顿
378,补偿
379,表明
380,居住
381,致使
382,补充
383,不同
384,去
385,存续
386,区分
387,拒绝
388,退出
389,投资
390,召开
391,大
392,利用
393,通过
394,查询
395,任
396,交给
397,达
398,结
399,发表
400,缴存
401,丢失
402,索赔
403,应付
404,救
405,占
406,非
407,述
408,拆除
409,移送
410,客观
411,抚养
412,回
413,拒
414,生活
415,发布
416,赋予
417,上
418,打伤
419,取消
420,理赔
421,答辩
422,为由
423,见
424,缴
425,损失
426,持有
427,解决
428,复制
429,判令
430,丢弃
431,标明
432,下达
433,划归
434,开展
435,来源于
436,分居
437,保障
438,拥有
439,组织
440,划分
441,限额
442,举报
443,载明
444,装修
445,派
446,砍
447,隐瞒
448,许可
449,盖章
450,核实
451,填写
452,约束
453,留
454,高于
455,出
456,立案
457,驶入
458,治疗
459,交易
460,冻结
461,分
462,患
463,进
464,理解
465,撞
466,诊断
467,举办
468,对照
469,令
470,到期
471,偿付
472,殴打
473,进入
474,满
475,需
476,查处
477,定
478,加强
479,应当
480,受损
481,属实
482,上班
483,移交
484,设置
485,相信
486,公布
487,收购
488,服
489,触犯
490,接管
491,拆迁
492,追加
493,租用
494,回复
495,卖
496,骗取
497,困难
498,阻止
499,获
500,用于
501,加收
502,挂靠
503,规划
504,搬
505,叫
506,离开
507,制造
508,用
509,更换
510,评估
511,附
512,控制
513,有效
514,承保
515,限制
516,指
517,拖延
518,休
519,咨询
520,否定
521,施行
522,改变
523,活动
524,评定
525,听取
526,竣工
527,认
528,续
529,追索
530,伪造
531,行
532,视
533,坐
534,投入
535,在于
536,清
537,识别
538,保存
539,担任
540,吊销
541,分割
542,坚持
543,认识
544,分摊
545,订立
546,交接
547,改
548,收缴
549,反驳
550,羁束
551,生育
552,提取
553,低
554,仲裁
555,立
556,排除
557,开庭
558,对齐
559,安装
560,采信
561,处置
562,作证
563,转入
564,保持
565,扣划
566,租
567,咬
568,明细
569,核准
570,注销
571,出租
572,调离
573,抢救
574,到达
575,入
576,验收
577,保留
578,好
579,印证
580,查封
581,退
582,强调
583,落实
584,刑满释放
585,公证
586,看到
587,设计
588,推翻
589,启用
590,抗辩
591,传播
592,变动
593,拨付
594,移
595,途经
596,诉求
597,伤害
598,砸
599,转包
600,失
601,佐证
602,供应
603,邮寄
604,催收
605,提请
606,打开
607,复审
608,施
609,延期
610,骑
611,变成
612,合格
613,收
614,分析
615,过户
616,勘验
617,等待
618,实行
619,庭审
620,盗窃
621,带来
622,轻
623,认证
624,易
625,走
626,根据
627,获取
628,误认
629,装
630,成
631,备案
632,辩解
633,截至
634,署名
635,连带
636,录音
637,适当
638,允许
639,裁决
640,核算
641,记入
642,公开
643,乘坐
644,涉诉
645,对账单
646,奖励
647,赌博
648,前往
649,取现
650,介绍
651,追打
652,固定
653,建成
654,改正
655,拾
656,对应
657,检验
658,追缴
659,知悉
660,明知
661,交办
662,质证
663,退回
664,监管
665,想
666,获利
667,承认
668,计付
669,加重
670,迫使
671,侵占
672,采
673,除却
674,共计
675,伤亡
676,卷
677,报告
678,任职
679,汇报
680,调
681,拉
682,记收
683,不明
684,扣收
685,沟通
686,加班
687,约
688,遵守
689,依据
690,受限
691,更改
692,聚集
693,确权
694,承揽
695,恶化
696,领用
697,听
698,披露
699,受案
700,报销
701,查看
702,坐落
703,报警
704,算
705,有着
706,预交
707,销毁
708,征询
709,迁
710,倾听
711,规范
712,承租
713,拨打
714,担心
715,审核
716,表现
717,相似
718,多
719,得
720,愿意
721,满足
722,占有
723,反诉
724,截图
725,拒付
726,设
727,注明
728,解散
729,保
730,转交
731,分得
732,出资
733,独立
734,采购
735,计息
736,订购
737,建
738,招聘
739,保管
740,附带
741,陷于
742,打入
743,发给
744,汇款
745,所有
746,换
747,代办
748,敲
749,精选集
750,纯属
751,转账
752,订
753,罚
754,驶
755,登
756,抵
757,突
758,占用
759,逾期
760,划
761,配合
762,冲
763,改革
764,安全
765,转为
766,短缺
767,搜查
768,列
769,降低
770,张贴
771,准予
772,签定
773,抵扣
774,协调
775,出去
776,驾车
777,比较
778,明显
779,主持
780,作废
781,取证
782,参考
783,保全
784,播放
785,即
786,携带
787,宣告
788,开启
789,真实
790,报
791,得出
792,收集
793,受偿
794,看见
795,佩戴
796,回到
797,定损
798,服从
799,留置
800,结清
801,戴
802,珍惜
803,接手
804,浮
805,预
806,出卖
807,扣留
808,异议
809,入账
810,延迟
811,拆
812,整改
813,扰乱
814,列出
815,放映
816,借支
817,发包
818,称为
819,调入
820,收监
821,出院
822,注意
823,减轻
824,派遣
825,逃跑
826,缴获
827,发还
828,返租
829,希望
830,错误
831,正当
832,兑付
833,到位
834,支配
835,截止
836,发行
837,核查
838,出让
839,述称
840,入股
841,请
842,低劣
843,放下
844,叫喊
845,组合
846,攀附
847,低下
848,写明
849,变卖
850,重
851,修改
852,下载
853,限定
854,下
855,归属
856,住
857,登报
858,表述
859,进饼端
860,升降
861,抬升
862,摆动
863,对比
864,协议
865,搭
866,避免
867,自称
868,有所
869,稳定
870,缴费
871,核对
872,兼顾
873,补助
874,拒赔
875,误
876,灭失
877,承受
878,悲伤
879,注
880,评为
881,挫伤
882,跟随
883,休年
884,更名
885,替代
886,供认
887,商定
888,举行
889,补发
890,推进
891,标示
892,掌握
893,混乱
894,答复
895,退租
896,催
897,入驻
898,办公
899,破坏
900,当庭
901,闭幕
902,修复
903,不和
904,至
905,联营
906,提到
907,超越
908,修理
909,扔
910,淡化
911,抓住
912,申办
913,消灭
914,汇缴
915,考察
916,竞价
917,复建
918,违章
919,并线
920,疏
921,载有
922,赔礼道歉
923,雇
924,征字
925,担其
926,干扰
927,怀疑
928,合计
929,买
930,摘录
931,漏
932,淡薄
933,完工
934,掩盖
935,有理
936,交叉
937,盖
938,上缴
939,期满
940,准确
941,投
942,交付给
943,交还
944,碾压
945,肇事
946,传唤
947,贴
948,着手
949,无误
950,玩
951,擦
952,涉嫌
953,下降
954,持续
955,比对
956,谋取
957,调解
958,依附
959,在场
960,质疑
961,驻
962,操作
963,描述
964,击发
965,运动
966,无据
967,放假
968,折算
969,查
970,释放
971,诈骗
972,颁布
973,准许
974,超
975,伤
976,候审
977,翻
978,遵循
979,拒收
980,评价
981,相悖
982,建造
983,阻挡
984,引发
985,送货
986,脱离
987,跨
988,欺诈
989,不合
990,出发
991,搬运
992,付给
993,改造
994,赠与
995,诉争
996,结婚
997,汇总
998,并入
999,标注
1000,招用
1001,划转
1002,调取
1003,录入
1004,推荐
1005,列入
1006,扩大
1007,溯及
1008,挂
1009,碰
1010,处罚金
1011,逆行
1012,领
1013,递
1014,信托
1015,延误
1016,确信
1017,超标
1018,索要
1019,遗失
1020,议定
1021,组建
1022,砍伐
1023,身
1024,名存实亡
1025,返回
1026,守护
1027,出于
1028,变化
1029,脱
1030,不当
1031,封
1032,答应
1033,冒充
1034,准备
1035,外出
1036,隶属
1037,管
1038,怠于
1039,考量
1040,混
1041,违
1042,免去
1043,小
1044,转制
1045,无需
1046,乘载
1047,横
1048,签发
1049,化验
1050,贩卖
1051,收费
1052,少于
1053,发展
1054,启动
1055,看出
1056,提前
1057,量刑
1058,短
1059,创造
1060,射击
1061,夺
1062,听到
1063,薄弱
1064,谅解
1065,判断
1066,禁止
1067,中标
1068,引用
1069,避
1070,停发
1071,填充
1072,失误
1073,加盖
1074,讯问
1075,逃避
1076,循
1077,明
1078,借资
1079,刊载
1080,投诉
1081,删除
1082,致歉
1083,消除
1084,界定
1085,告
1086,复议
1087,补缴
1088,调查
1089,来
1090,办证
1091,入伙
1092,忽略
1093,明文规定
1094,新建
1095,研究
1096,失去
1097,为主
1098,身患
1099,免
1100,失职
1101,过去
1102,值班
1103,搬迁
1104,剩余
1105,相关
1106,征求
1107,谩骂
1108,强迫
1109,努力
1110,失控
1111,出庭
1112,招呼
1113,自认
1114,拍摄
1115,闹
1116,联乘
1117,争吵
1118,培养
1119,写入
1120,以为
1121,追查
1122,深究
1123,推
1124,共有
1125,拍卖
1126,购
1127,支付除
1128,查找
1129,优惠
1130,叙述
1131,自主
1132,争
1133,赠送
1134,出借
1135,涵盖
1136,到庭
1137,扎
1138,下发
1139,提升
1140,劳动
1141,引起
1142,应对
1143,震挛
1144,载入
1145,缺少
1146,提醒
1147,辩护
1148,回应
1149,待工
1150,折价
1151,照顾
1152,备查账
1153,打通
1154,贸易
1155,追偿
1156,打击
1157,遭
1158,回转
1159,取回
1160,寄
1161,成长
1162,存储
1163,免予
1164,缺
1165,蹲
1166,拆许
1167,归于
1168,宣称
1169,去世
1170,测制
1171,休假
1172,失败
1173,勾选
1174,挨靠
1175,配
1176,评审
1177,清空
1178,拆毁
1179,报价
1180,清除
1181,栽种
1182,流转
1183,干预
1184,成交
1185,迁入
1186,拳打脚踢
1187,邮
1188,搭乘
1189,垫付款
1190,指认
1191,出入
1192,预付
1193,断裂
1194,审计
1195,再行
1196,分包
1197,免息
1198,救助
1199,不顾
1200,抵达
1201,估计
1202,减载
1203,自愿
1204,谎称
1205,相近
1206,治愈
1207,犯罪
1208,挽回
1209,帮
1210,审阅
1211,致力
1212,决
1213,增
1214,组成部分
1215,退休
1216,分工
1217,查证
1218,烫染
1219,还有
1220,重伤
1221,抢夺
1222,有期徒刑
1223,涉讼
1224,怠
1225,延长
1226,乐
1227,转办
1228,进口
1229,通
1230,嫁
1231,征用
1232,用房
1233,表达
1234,搜
1235,催告
1236,交齐
1237,经
1238,存入
1239,充
1240,充卡
1241,通行
1242,长
1243,败诉
1244,合算
1245,模仿
1246,有待
1247,带有
1248,购置
1249,过期
1250,判定
1251,先
1252,配置
1253,播
1254,关联
1255,劫取
1256,跟着
1257,转动
1258,区别
1259,商议
1260,鉴别
1261,函
1262,清缴
1263,不好
1264,欠缴
1265,重大
1266,变
1267,交货
1268,指挥
1269,编造
1270,合并
1271,测绘
1272,濒临
1273,同
1274,浮动
1275,关乎
1276,连续
1277,有据
1278,保险
1279,签章
1280,有利于
1281,执字
1282,捅
1283,预留
1284,听说
1285,纯
1286,恰当
1287,反应
1288,知情
1289,晕厥
1290,赔
1291,运达
1292,值
1293,聘请
1294,离职
1295,延
1296,借予
1297,限期
1298,过来
1299,做饭
1300,挫擦伤
1301,确实
1302,指示
1303,顶
1304,喊
1305,偏重
1306,陪护
1307,公平
1308,创立
1309,出门
1310,来访
1311,申诉
1312,提留
1313,解体
1314,退案
1315,一笔带过
1316,体现
1317,相识
1318,带离
1319,抱
1320,指引
1321,受让
1322,出台
1323,停
1324,改善
1325,行医
1326,罚息
1327,表
1328,迈
1329,交费
1330,营业
1331,维系
1332,招纳
1333,纠集
1334,危害
1335,护理
1336,完善
1337,任选
1338,确保
1339,暂住
1340,除
1341,放
1342,抽出
1343,干活
1344,历
1345,肿
1346,叩击
1347,伴
1348,痛觉
1349,供认不讳
1350,宣传
1351,部署
1352,腾退
1353,伙同
1354,花费
1355,报送
1356,减免
1357,送给
1358,取
1359,适宜
1360,营造
1361,推定
1362,有悖于
1363,补签
1364,访问
1365,监理
1366,做到
1367,兼具
1368,派生
1369,消费
1370,抵触
1371,打架
1372,点击
1373,询问
1374,碰到
1375,营运
1376,清障
1377,修建
1378,攥
1379,倒地
1380,销
1381,认同
1382,安置
1383,秉持
1384,照料
1385,出面
1386,盗
1387,拍
1388,带动
1389,传授
1390,患有
1391,制定
1392,产
1393,索取
1394,争取
1395,插队
1396,抄袭
1397,锤
1398,发文
1399,催讨
1400,宣读
1401,行贿
1402,操纵
1403,剔除
1404,抛弃
1405,添置
1406,审定
1407,刻录
1408,窃照
1409,指认出
1410,接送
1411,受雇
1412,烤
1413,挖孔桩
1414,不错
1415,一般
1416,转送
1417,雇请
1418,透支
1419,作业
1420,脱浅
1421,减低
1422,审判
1423,卸货
1424,乘人之危
1425,清退
1426,驳减载脱浅
1427,巨大
1428,侦查
1429,监控
1430,没
1431,理顺
1432,举
1433,欠款
1434,开立
1435,缴付
1436,涉案
1437,伤残
1438,有误
1439,检测
1440,缓刑
1441,服刑
1442,为准
1443,抢劫
1444,审批
1445,查获
1446,涌
1447,企图
1448,矛盾
1449,构建
1450,关心
1451,为期
1452,归咎
1453,批复
1454,认罪
1455,按住
1456,劫
1457,如
1458,交予
1459,补齐
1460,射
1461,站
1462,靠
1463,劝开
1464,立据
1465,饮酒
1466,幸福
1467,见状
1468,抓
1469,派克笔
1470,含有
1471,排列
1472,假冒
1473,付出
1474,督促
1475,打假
1476,获得得
1477,不够
1478,比多
1479,招标
1480,中
1481,在职
1482,急需
1483,胜诉
1484,颁发
1485,加盟
1486,搬离
1487,轻微
1488,再审
1489,结欠
1490,付还
1491,反
1492,表演
1493,结账
1494,中断
1495,移动
1496,相比
1497,倒
1498,删改
1499,搭载
1500,小结
1501,知
1502,放任
1503,牟取
1504,使得
1505,监督
1506,搭理
1507,平
1508,取出
1509,运
1510,装卸
1511,得逞
1512,过磅
1513,分成
1514,买房
1515,置换
1516,所属
1517,溯及既往
1518,减
1519,抵押
1520,收款
1521,来自
1522,小于
1523,查核
1524,复称
1525,捡
1526,充足
1527,监视
1528,少
1529,钝物
1530,拦住
1531,流血
1532,处理不当
1533,兴办
1534,遗
1535,愈合
1536,证言
1537,在家
1538,推理
1539,报案
1540,说谎
1541,免征
1542,行政诉讼
1543,套
1544,有限
1545,加上
1546,减除
1547,减半
1548,围
1549,排名
1550,远离
1551,拦截
1552,滞留
1553,抚慰金
1554,遗弃
1555,欠付
1556,封样
1557,帮助
1558,疏于
1559,汇入
1560,遇到
1561,炎热
1562,降
1563,记
1564,偷
1565,借用
1566,抵偿
1567,包容
1568,归予
1569,共享
1570,作案
1571,不适
1572,受阻
1573,追
1574,周转
1575,勒
1576,迥异
1577,制冷
1578,往来
1579,短暂
1580,害怕
1581,穿
1582,背负
1583,拔打
1584,轧
1585,正常
1586,严重
1587,借贷
1588,催促
1589,接通
1590,催要
1591,承建
1592,收拾
1593,误工
1594,考勤
1595,裂伤
1596,赶
1597,瞪
1598,交代
1599,防水
1600,诚称
1601,下班
1602,适格
1603,立下
1604,声称
1605,引燃
1606,代为
1607,执结
1608,挑起
1609,畅
1610,社会化
1611,包
1612,缓慢
1613,干
1614,误解
1615,闹事
1616,各执一词
1617,验
1618,牵
1619,输液
1620,依赖
1621,增生
1622,示
1623,减弱
1624,截瘫
1625,要挟
1626,预售
1627,拟定
1628,优化
1629,强加
1630,代签
1631,封锁
1632,掌控
1633,充值
1634,养老
1635,均
1636,虚构
1637,定性
1638,筹备
1639,减损
1640,伺候
1641,辩
1642,有权
1643,赡养
1644,下落不明
1645,通缉
1646,开放
1647,知行初字
1648,类似
1649,引证
1650,推销
1651,维修
1652,缩小
1653,避让
1654,解读
1655,依仗
1656,调和
1657,指令
1658,步行
1659,筹建
1660,列为
1661,担保
1662,溢价
1663,显
1664,议
1665,巡视
1666,统一
1667,解答
1668,委派
1669,不复存在
1670,撤离
1671,列明
1672,入住
1673,断绝
1674,接入
1675,上传
1676,摇
1677,打扫
1678,抽
1679,吓
1680,断
1681,阅读
1682,垫资
1683,报关
1684,食用
1685,共居人口
1686,配送
1687,累计
1688,清点
1689,破产
1690,开业
1691,留给
1692,对待
1693,一无异议
1694,落款
1695,分立
1696,调动
1697,斗
1698,晃动
1699,泄漏
1700,还原
1701,褪色
1702,死
1703,忘记
1704,毁损
1705,缩减
1706,鼓励
1707,定于
1708,控股
1709,履行地
1710,捏造
1711,放在
1712,对抗
1713,上报
1714,浸泡
1715,来往
1716,融洽
1717,报名
1718,足够
1719,致函
1720,朝向
1721,望
1722,无法
1723,始
1724,深表
1725,穿孔
1726,容易
1727,会
1728,勾勒
1729,混淆误认
1730,亡
1731,肯定
1732,承办
1733,喝茶
1734,赊欠
1735,身为
1736,计划生育
1737,比照
1738,遭到
1739,运行
1740,容忍
1741,牢固
1742,兑现
1743,授意
1744,承付
1745,划拨
1746,零售
1747,报建
1748,虐待
1749,商谈
1750,摆放
1751,遭遇
1752,梗塞
1753,罚款
1754,免冠
1755,转化
1756,征得
1757,大于
1758,妥当
1759,坠
1760,铺贴
1761,派出
1762,下水
1763,航
1764,搁浅
1765,良好
1766,运送
1767,探摸
1768,迎
1769,进来
1770,供货
1771,发货
1772,收入
1773,锯
1774,弄
1775,提及
1776,审监
1777,任免
1778,吸收
1779,毫无
1780,等同适用
1781,转给
1782,得当
1783,分隔
1784,行出
1785,穿越
1786,免交
1787,致伤
1788,押
1789,难于
1790,查出
1791,刊登
1792,修规
1793,裁判
1794,重视
1795,续租
1796,和好
1797,休克
1798,包装
1799,初犯
1800,养育
1801,上前
1802,成功
1803,取决于
1804,揭露
1805,改判
1806,讨
1807,争夺
1808,巨响
1809,吓唬
1810,藏
1811,为重
1812,不利
1813,立功
1814,驾
1815,控
1816,围绕
1817,阐释
1818,关照
1819,续签
1820,痛苦
1821,印章
1822,恳请
1823,滥用
1824,论证
1825,派克牌
1826,拍照
1827,存疑
1828,不闻不问
1829,依靠
1830,赶走
1831,扰
1832,观看
1833,搜索
1834,点播
1835,选定
1836,飞扬
1837,清算
1838,清理
1839,牵连
1840,针织横机
1841,具
1842,放置
1843,娇
1844,示证
1845,得手
1846,改退
1847,加工
1848,支撑
1849,当
1850,驱动
1851,亦
1852,患肢
1853,下称
1854,警示
1855,编制
1856,带薪
1857,备注
1858,执法
1859,利于
1860,觉得
1861,收货
1862,搞
1863,预谋
1864,隐匿
1865,卸
1866,置于
1867,意味
1868,引领
1869,骗
1870,帮忙
1871,请示
1872,置业
1873,可知
1874,完
1875,对等
1876,非上诉人
1877,只字未提
1878,低微
1879,关闭
1880,预购
1881,不悖
1882,余
1883,吻合
1884,缩水
1885,管制
1886,偏袒
1887,查对
1888,阻拦
1889,缺席
1890,拯救
1891,环
1892,集体所有
1893,向
1894,就医
1895,险
1896,聚会
1897,有理有据
1898,快
1899,拨
1900,有无
1901,排
1902,论述
1903,传阅
1904,宣布
1905,付足
1906,骚扰
1907,运用
1908,钻
1909,接待
1910,冲减
1911,自首
1912,复函
1913,愿
1914,查清
1915,回答
1916,骂
1917,贯彻
1918,危险
1919,后续
1920,纠正
1921,勘查
1922,冷淡
1923,不理不顾
1924,教
1925,同居
1926,撰
1927,暴躁
1928,倒闭
1929,玩耍
1930,看管
1931,弄清
1932,疏远
1933,异常
1934,规章制度
1935,阐述
1936,睡觉
1937,发犯
1938,有鉴于
1939,顶风
1940,推卸
1941,遗漏
1942,擅
1943,提审
1944,悬吊
1945,诉辩
1946,算是
1947,限
1948,赴
1949,陪同
1950,伸
1951,自信
1952,折返
1953,绕开
1954,交界
1955,意识
1956,掉头
1957,支取
1958,转名
1959,滴
1960,折
1961,建房
1962,嘱咐
1963,喝
1964,娱乐
1965,看病
1966,记到
1967,酌情
1968,坏
1969,冻
1970,扑
1971,接种
1972,早
1973,搏
1974,偿
1975,应有
1976,辞去
1977,雇佣
1978,辞退
1979,无义务
1980,延时
1981,吵
1982,踹
1983,作用
1984,投案
1985,反悔
1986,出国
1987,有关
1988,追求
1989,刚烈
1990,正视
1991,理
1992,洗
1993,锁
1994,恋爱
1995,醉
1996,不见
1997,辩论
1998,模糊
1999,夸大
2000,放心
2001,顺延
2002,开荒
2003,扔掉
2004,清晰
2005,还本
2006,视听
2007,指派
2008,猜疑
2009,打肿
2010,晚
2011,转任
2012,遇
2013,供暖
2014,结束
2015,窝工
2016,扒窃
2017,思
2018,处刑罚
2019,开支
2020,欺骗
2021,备受
2022,健康
2023,腾
2024,觉
2025,仰
2026,温
2027,弯曲
2028,自理
2029,摘抄
2030,平稳
2031,缓解
2032,完整
2033,起哄
2034,原有
2035,移库
2036,加以
2037,社会保险
2038,加付
2039,解约
2040,前置
2041,深
2042,定罪
2043,依照
2044,召集
2045,用作
2046,度
2047,污染
2048,交流
2049,造假
2050,请假
2051,履职
2052,随处可见
2053,患病
2054,跳舞
2055,蒙骗
2056,涉嫌犯
2057,积
2058,还入
2059,放款
2060,入库
2061,乘
2062,开会
2063,制
2064,交房
2065,拘役
2066,冲撞
2067,留下来
2068,聘用
2069,亏损
2070,通信
2071,不知所踪
2072,升级
2073,不足以
2074,引
2075,报道
2076,妨害
2077,空置
2078,可信
2079,烧
2080,共存
2081,指向
2082,搭配
2083,交涉
2084,打印
2085,改动
2086,缔约
2087,平等
2088,洽商
2089,增设
2090,上移
2091,抵消
2092,妄想
2093,续约
2094,上交
2095,无异
2096,互派
2097,担
2098,加大
2099,重合
2100,保底
2101,直接
2102,绿化
2103,扣罚
2104,寄出
2105,出品
2106,收看
2107,移居
2108,面临
2109,修正
2110,踩
2111,折旧
2112,救援
2113,熟知
2114,摄
2115,危及
2116,殴
2117,关
2118,剪
2119,窃取
2120,突出
2121,先行
2122,开办
2123,判决书
2124,付汇
2125,落户
2126,接触
2127,估算
2128,变造
2129,释明
2130,陈列
2131,退货
2132,签约
2133,装入
2134,招贴
2135,遗留
2136,批
2137,过世
2138,承继
2139,犯容留
2140,邀约
2141,撬锁
2142,近
2143,事发
2144,握
2145,戳
2146,涂和
2147,安全法
2148,泛
2149,改性
2150,落空
2151,受潮
2152,指出
2153,回避
2154,判赔
2155,专用
2156,并行
2157,手术
2158,推测
2159,否
2160,交工
2161,和
2162,让渡
2163,相应
2164,复工
2165,起算
2166,上市
2167,回购
2168,弃置
2169,贬低
2170,运转
2171,测试
2172,素有
2173,垫
2174,铺设
2175,忠于
2176,确地
2177,汇注
2178,来函
2179,见证
2180,迁建
2181,应
2182,按
2183,休满
2184,度过
2185,补足
2186,存放
2187,计入
2188,受伤情
2189,复审裁
2190,呼叫
2191,描画
2192,展现
2193,蒙
2194,拿下
2195,经营不善
2196,拘禁罪
2197,贷出
2198,残
2199,观察
2200,分歧
2201,评判
2202,及时
2203,看望
2204,睦
2205,挪用
2206,着想
2207,成熟
2208,体贴
2209,养
2210,逃
2211,务工
2212,聊天
2213,回乡
2214,随
2215,注重
2216,排放
2217,分红
2218,摔
2219,用药
2220,书写
2221,出血
2222,自负
2223,邀请
2224,进款
2225,虚假
2226,加入
2227,了知
2228,摘
2229,迁移
2230,忘
2231,审批表
2232,增进
2233,商量
2234,假装
2235,违规
2236,突发
2237,拘
2238,打牌
2239,散场
2240,接
2241,牵强附会
2242,合刑
2243,广
2244,刻
2245,冒用
2246,刻制
2247,判决上诉人
