o_id,object
0,公司
1,原告
2,被告
3,本院
4,合同
5,证据
6,责任
7,人数
8,其
9,行为
10,法院
11,请求
12,规定
13,当事人
14,有限公司
15,损失
16,关系
17,事实
18,事故
19,诉讼
20,判决
21,利息
22,法律
23,双方
24,人民法院
25,费用
26,商标
27,原
28,我
29,银行
30,赔偿
31,债务
32,被告人
33,案件
34,意见
35,副本
36,交通
37,机关
38,2014年
39,情况
40,上述
41,保险
42,劳动
43,相关
44,标准
45,元
46,问题
47,协议
48,人
49,义务
50,申请
51,涉案
52,数额
53,某某
54,利率
55,工资
56,2013年
57,侵权
58,房屋
59,人员
60,权利
61,贷款
62,委员会
63,产品
64,受理费
65,字
66,行政
67,借款
68,分局
69,范围
70,审
71,依据
72,工作
73,纠纷
74,项目
75,主张
76,上诉人
77,证明
78,异议
79,材料
80,约定
81,夫妻
82,工程
83,内容
84,服务
85,部分
86,民事
87,甲方
88,乙方
89,限额
90,时间
91,真实性
92,公众
93,经营
94,单位
95,理由
96,中心
97,财产
98,期限
99,方式
100,管理
101,相应
102,支付
103,权益
104,商品
105,的
106,案
107,违约
108,账户
109,是
110,1日
111,来源
112,适用
113,效力
114,感情
115,金额
116,9月
117,部门
118,一审
119,分公司
120,手续
121,北京市
122,鉴定
123,发票
124,本金
125,7月
126,3月
127,具体
128,5月
129,本案
130,程序
131,11月
132,款项
133,2012年
134,意思
135,实际
136,经济
137,判决书
138,被害人
139,人民
140,12月
141,他
142,过程
143,要求
144,公诉
145,违约金
146,机构
147,广东省
148,15日
149,土地
150,物业
151,损害
152,号
153,此
154,合法
155,合理
156,日
157,原因
158,2015年
159,车辆
160,有
161,执行
162,条款
163,10月
164,公安局
165,8月
166,犯罪
167,资料
168,本
169,6月
170,登记
171,权
172,18日
173,技术
174,支公司
175,10日
176,后果
177,消费者
178,下列
179,生活
180,1月
181,27日
182,文书
183,上诉
184,条件
185,酒店
186,4月
187,新
188,作品
189,30日
190,工商
191,为
192,信息
193,货款
194,自己
195,决定书
196,法定
197,通知
198,2011年
199,笔录
200,履行
201,公安
202,利益
203,被上诉人
204,原则
205,注册
206,北京
207,2日
208,处罚
209,认定
210,9日
211,摩托车
212,医院
213,收益
214,股权
215,陈述
216,组织
217,道轨
218,饭店
219,中级
220,中华人民共和国
221,赔偿金
222,买卖
223,20日
224,执行人
225,租赁
226,程度
227,机动车
228,14日
229,大队
230,25日
231,质量
232,仲裁
233,措施
234,本息
235,罪
236,期间
237,错误
238,举证
239,13日
240,花园
241,有关
242,面积
243,目的
244,证书
245,28日
246,过错
247,诉讼法
248,个人
249,月
250,证言
251,4日
252,设备
253,科技
254,计算
255,共同
256,29日
257,中国
258,资产
259,收入
260,逾期
261,还款
262,结果
263,争议
264,真实
265,建设
266,裁定
267,12日
268,价款
269,专用权
270,2月
271,集团
272,通知书
273,代表人
274,货车
275,公证处
276,特征
277,处理
278,协议书
279,有期徒刑
280,报酬
281,款
282,有效
283,方案
284,形式
285,建议
286,业主
287,价值
288,24日
289,客车
290,11日
291,状况
292,道路
293,辩护人
294,企业
295,所有权
296,专利
297,影响
298,规划
299,业务
300,标识
301,使用
302,精神
303,人民币
304,租金
305,因素
306,3日
307,轮
308,决定
309,股东
310,补偿
311,救助局
312,合同法
313,普通
314,律师
315,经营权
316,交易
317,系
318,资金
319,解释
320,处
321,国家
322,资格
323,公积金
324,主要
325,活动
326,21日
327,检察院
328,成员
329,网络
330,使用权
331,主体
332,欠款
333,16日
334,26日
335,投资
336,金融
337,时效
338,离婚
339,19日
340,住房
341,湖北省
342,医疗费
343,能力
344,复议
345,23日
346,凭证
347,驳回
348,情节
349,原审
350,借款人
351,用人
352,7日
353,被执行人
354,表现
355,解除
356,小区
357,家
358,事宜
359,施工
360,我们
361,我方
362,充分
363,琐事
364,升降
365,最高
366,偿还
367,联系
368,22日
369,路段
370,结算
371,转让
372,协会
373,燃气
374,8日
375,一定
376,条
377,法民
378,事项
379,支持
380,销售
381,丰田
382,福鼎
383,广州市
384,委托
385,存款
386,证人
387,辩护
388,裁定书
389,5日
390,钱
391,6日
392,付款
393,轿车
394,清单
395,违法
396,政府
397,房
398,额度
399,二审
400,人民政府
401,负责人
402,湖南
403,员工
404,起诉
405,基础
406,王国民
407,法规
408,抗辩
409,药房
410,李力明
411,承担
412,诉讼费
413,存在
414,补充
415,亲属
416,支行
417,连带
418,她
419,权属
420,服务费
421,工程款
422,建筑
423,2009年
424,年
425,现场
426,状态
427,货物
428,发生
429,支出
430,31日
431,身份
432,严重
433,律师费
434,文件
435,焦会忠
436,庭审
437,质证
438,还款额
439,原件
440,情形
441,开支
442,总额
443,17日
444,票据
445,抵押
446,工人
447,邵斌
448,恒通
449,刑事
450,重大
451,损伤
452,产权
453,大
454,家庭
455,照片
456,合作
457,派出所
458,佛山市
459,采信
460,村民
461,砂轮
462,承包
463,装置
464,最低
465,无
466,授权
467,代理人
468,李雪乔
469,方
470,居民
471,借贷
472,报告
473,审理
474,佐证
475,确认
476,条例
477,公证
478,办理
479,形象
480,房地产
481,管理费
482,嘉源
483,性质
484,信用
485,南海
486,比例
487,他人
488,名义
489,书面
490,剩余
491,待遇
492,父母
493,记录
494,补偿金
495,2010年
496,左
497,总
498,本人
499,职工
500,对方
501,不当
502,小型
503,补助费
504,担保
505,社会
506,再审
507,不足
508,权利人
509,建议书
510,手机
511,客观
512,强险
513,份额
514,生效
515,股份
516,进行
517,申请人
518,休假
519,水平
520,结论
521,如下
522,保证
523,鲁能
524,资质
525,透支
526,现有
527,岗位
528,清偿
529,矛盾
530,麦健雄
531,机械厂
532,裁决书
533,新宇
534,调整
535,认定书
536,驾驶
537,无效
538,深圳市
539,相反
540,收据
541,特定
542,康柏隆
543,审查
544,住建委
545,仲圣
546,罪犯
547,不同
548,日期
549,第三者
550,物品
551,商场
552,抚养费
553,盈正
554,郭小明
555,万通
556,部队
557,引证
558,救助
559,价格
560,量刑
561,40分
562,医疗
563,符合
564,车
565,场所
566,商标法
567,秩序
568,著作权
569,新永利
570,管理局
571,国际
572,原告人
573,拆迁
574,博大
575,信用卡
576,所有
577,伤残
578,商铺
579,方面
580,名称
581,名
582,人身
583,户籍
584,抚慰金
585,甲
586,饼干
587,经理
588,长城
589,英大
590,变更
591,押金
592,小组
593,复印件
594,保护
595,明确
596,档案
597,办法
598,于俊刚
599,合约
600,安全
601,以下
602,开发
603,答辩
604,商业
605,关联
606,前
607,经济社
608,保证金
609,伤害
610,诉请
611,函
612,裁决
613,发放
614,天胜
615,加油站
616,2008年
617,应付
618,消费
619,固定
620,据
621,印章
622,生活费
623,债权
624,名下
625,举报
626,故意
627,利润
628,关联性
629,许可证
630,盈志
631,伤情
632,金海韵
633,马军
634,啤酒节
635,竞价
636,李万新
637,项
638,杨
639,东莞市
640,行政诉讼法
641,交
642,南海区
643,下肢
644,品牌
645,构成
646,编号
647,提供者
648,复审
649,环境
650,受害人
651,办公室
652,贷款人
653,嘉晟
654,华宝
655,正当
656,天
657,市场
658,意见书
659,房产
660,中山市
661,所在地
662,该院
663,犯
664,罚息
665,生产
666,公证书
667,大会
668,设计
669,没有
670,超市
671,温
672,华油
673,朝阳
674,制药
675,户口
676,顺序
677,路口
678,司法
679,残疾
680,财务
681,规则
682,二轮
683,提供
684,同期
685,会议
686,张
687,政策
688,签订
689,近似
690,知名度
691,方法
692,中矿
693,李X
694,遗嘱
695,农户
696,中石油
697,项目部
698,农村
699,运输
700,%
701,诊断
702,基本
703,正常
704,账号
705,操作
706,设施
707,误认
708,继承
709,出卖人
710,庞邦德
711,锐康安
712,电视
713,百灵
714,大棚
715,光明
716,学府
717,责任法
718,客户
719,误工费
720,视频
721,李
722,婚姻
723,小
724,资源局
725,交付
726,一般
727,男子
728,代理
729,文档
730,输送
731,伤
732,母亲
733,百运佳
734,城建
735,调解书
736,袁涛
737,金泰宸
738,湖南省
739,集体
740,2007年
741,这
742,风险
743,代表
744,行业
745,交通费
746,义务人
747,需要
748,处分
749,公平
750,鉴定所
751,经过
752,上
753,地址
754,检查
755,同意
756,民警
757,维权
758,女
759,制度
760,加工厂
761,领导
762,自行车
763,人保
764,音乐
765,财险
766,保税库
767,悔改
768,作业
769,好
770,撤销
771,要件
772,强制性
773,信用社
774,前述
775,证明书
776,电话
777,了解
778,身体
779,属于
780,产权局
781,正确
782,社会保险
783,产权证
784,乙
785,发展
786,养老
787,所有权证
788,载体
789,造价
790,域名
791,辰溪县
792,清楚
793,记账日
794,定期
795,合议庭
796,一致
797,立案
798,19时
799,婚姻法
800,中
801,大道
802,归还
803,范秀英
804,同一
805,城
806,保全
807,和解
808,区
809,主管
810,王
811,买方
812,认可
813,传播权
814,公告
815,津贴
816,天数
817,人口
818,年限
819,魏杰
820,汇龙城
821,陈旺婵
822,劳务费
823,申请表
824,朝阳区
825,兴东
826,金马甲
827,广州
828,遗产
829,居住
830,返还
831,商户
832,直接
833,后
834,等级
835,余额
836,倍
837,20分
838,18时
839,差异
840,图形
841,不利
842,诈骗
843,催收
844,专利权
845,安全法
846,保障
847,汽车
848,办事处
849,增值税
850,龙井
851,产业
852,花季
853,盛天
854,宏瑞
855,旅行社
856,朱××
857,汉阳
858,京之
859,加拿大
860,平均
861,必要
862,高
863,成立
864,下
865,2014
866,给付
867,验收
868,交接
869,结构
870,相同
871,一
872,商标局
873,喜达兴
874,后续
875,辩解
876,保险金
877,成本
878,补偿款
879,王×
880,绿博隆
881,四达
882,国家馆
883,城镇
884,自身
885,误工
886,到期
887,委托书
888,登记表
889,粤
890,受理
891,黄某
892,肇事罪
893,汕头
894,现金
895,伤亡
896,疾病
897,同年
898,房管局
899,其他
900,盗窃
901,王雄
902,父亲
903,单价
904,确定
905,类似
906,他们
907,张某
908,录音
909,晶菱
910,明细表
911,社保
912,公章
913,管理员
914,任务
915,15分
916,林彩芬
917,房山区
918,给
919,张红云
920,襄阳市
921,刘辉
922,劳务
923,商品房
924,居住地
925,收费
926,方向
927,警察
928,农业
929,说明
930,病历
931,管辖权
932,送
933,50分
934,伙食
935,女儿
936,工商户
937,诉求
938,调查
939,具有
940,正式
941,该
942,裁判
943,监管
944,事
945,吴某
946,专用
947,文字
948,合法性
949,所得
950,人事
951,高级
952,字体
953,京
954,键
955,机械
956,饼端
957,办证
958,仓库
959,8时
960,单方
961,询问
962,姚
963,罗国明
964,物业费
965,服务部
966,抵押权
967,翡翠湖
968,李小爽
969,送达
970,工商所
971,肖雅丽
972,芝林
973,王××
974,水泥
975,自治州
976,侵权人
977,还
978,还款期
979,出借人
980,清
981,江门市
982,实体
983,功能
984,投保
985,保
986,护理费
987,作出
988,违反
989,抚养
990,可能
991,法人
992,明显
993,责任险
994,财物
995,某
996,态度
997,签名
998,过户
999,负担
1000,许可
1001,救济
1002,责令
1003,焦点
1004,以上
1005,类型
1006,用户
1007,彭秋生
1008,营业执照
1009,混淆
1010,组
1011,手段
1012,制品
1013,喻长明
1014,轨
1015,整理
1016,10分
1017,调解
1018,加班
1019,基数
1020,预售
1021,7时
1022,维修费
1023,合同书
1024,公共
1025,音集协
1026,朱小琼
1027,国税局
1028,过失
1029,付
1030,李小佳
1031,中介
1032,26分
1033,陈连生
1034,龙头
1035,千图恒业
1036,决议
1037,终端
1038,煤矿
1039,餐饮
1040,凌云
1041,还款日
1042,初字
1043,同类
1044,作为
1045,邮件
1046,多
1047,受案
1048,治疗
1049,住院
1050,护理
1051,市
1052,执法
1053,无视
1054,健康
1055,事务
1056,提出
1057,银联
1058,路
1059,支票
1060,轻型
1061,指认
1062,辨认
1063,扣押
1064,困难
1065,周转
1066,电脑
1067,职责
1068,欠
1069,出具
1070,行政处理
1071,同等
1072,儿子
1073,街道
1074,数量
1075,巨大
1076,公证费
1077,险
1078,经营者
1079,硕洋
1080,详细
1081,外人
1082,劳动者
1083,买受人
1084,房款
1085,孙健
1086,分配
1087,财保
1088,坤泰
1089,茶
1090,合作款
1091,共有
1092,中盛
1093,金
1094,患者
1095,名字
1096,梁远林
1097,联营
1098,张×1
1099,破裂
1100,领用
1101,免息
1102,加百利
1103,审判
1104,我国
1105,生意
1106,优惠
1107,年度
1108,医嘱
1109,资源
1110,惠州市
1111,汇通
1112,区别
1113,工行
1114,职务
1115,任
1116,认罪
1117,危害
1118,属
1119,账单
1120,强制
1121,受偿权
1122,利害
1123,瑕疵
1124,幅度
1125,标的
1126,继续
1127,差额
1128,广场
1129,获利
1130,投诉
1131,约束力
1132,整体
1133,合作社
1134,场地
1135,注意力
1136,钟干辉
1137,财产权
1138,本身
1139,网站
1140,法庭
1141,王云芳
1142,淘宝
1143,冯文波
1144,作用
1145,东福
1146,税费
1147,性格
1148,欺诈
1149,处置
1150,公路
1151,损失费
1152,胡长波
1153,科
1154,地
1155,钟村社
1156,水费
1157,诉争
1158,张铁栓
1159,田胜兴
1160,养老金
1161,李仉顺
1162,补填
1163,酒家
1164,迦南
1165,合作费
1166,承租人
1167,合一
1168,赵×1
1169,覃杨耀
1170,李小龙
1171,骨折
1172,手续费
1173,滞纳金
1174,救
1175,限制
1176,李某
1177,供应商
1178,检验
1179,罪行
1180,证件
1181,简称
1182,实施
1183,看守所
1184,管辖
1185,工具
1186,同志
1187,足够
1188,协助
1189,肇事
1190,孔宪强
1191,驾驶证
1192,罪责
1193,陈
1194,黄
1195,证据链
1196,准
1197,原告方
1198,系统
1199,证
1200,办案
1201,告知
1202,群众
1203,诉
1204,装修
1205,误
1206,楼
1207,拘留
1208,定金
1209,妻子
1210,停止
1211,法知
1212,福田油
1213,事件
1214,完整
1215,游戏
1216,出现
1217,宣告
1218,三荣
1219,末端
1220,间隔
1221,开发区
1222,补助
1223,楼款
1224,标志
1225,签字
1226,三性
1227,借条
1228,家属
1229,苏
1230,海淀区
1231,村
1232,苏凤云
1233,王东旭
1234,2003年
1235,基金
1236,社保局
1237,许彩虹
1238,昌平区
1239,合格
1240,华威
1241,评审
1242,KTV
1243,班长
1244,武汉
1245,木林森
1246,证实
1247,太平洋
1248,队员
1249,认识
1250,次要
1251,次日
1252,认证
1253,机件
1254,交警
1255,主观
1256,国土
1257,用途
1258,不动产
1259,平台
1260,独立
1261,民终字
1262,年龄
1263,主任
1264,作业车
1265,碰撞
1266,保险人
1267,支队
1268,门诊部
1269,鉴定费
1270,经营部
1271,明细
1272,供述
1273,顺德区
1274,查询
1275,毒品
1276,指定
1277,开
1278,转移
1279,冉某
1280,优先
1281,办公
1282,流程
1283,行政诉讼
1284,集体经济
1285,子女
1286,之
1287,2004年
1288,位置
1289,终止
1290,盗窃罪
1291,沟通
1292,家里
1293,姑妈
1294,地方
1295,男
1296,侵犯
1297,含义
1298,侦查
1299,其中
1300,出资
1301,事务所
1302,截屏
1303,Word
1304,蒲文成
1305,反诉
1306,万家乐
1307,器材
1308,右
1309,高温
1310,协商
1311,楼盘
1312,泰丰
1313,刑法
1314,该局
1315,谢世玉
1316,赔偿款
1317,陈某秀
1318,中山
1319,32分
1320,颅脑
1321,杭州
1322,谢
1323,单据
1324,考勤
1325,何志洪
1326,使用人
1327,纺织
1328,变化
1329,院
1330,报建
1331,附件
1332,乘车人
1333,罚字
1334,国度
1335,扳手
1336,史浔建
1337,你
1338,保洁
1339,症状
1340,告知书
1341,王淑珍
1342,地下室
1343,胡×
1344,诚通
1345,润旺
1346,首发
1347,吕金水
1348,经销
1349,鑫晶
1350,武汉市
1351,甘子华
1352,吕刚
1353,刘立苹
1354,卫计局
1355,拖拉机
1356,石化龙
1357,各自
1358,现
1359,初
1360,危险
1361,脱浅
1362,评估
1363,误解
1364,效果
1365,我司
1366,刘庆兴
1367,许某
1368,日常
1369,鉴定书
1370,广东
1371,二
1372,牌
1373,给予
1374,综合
1375,通知单
1376,提交
1377,新城
1378,购房款
1379,悔罪
1380,朋友
1381,非
1382,工作日
1383,分析
1384,送货单
1385,手枪
1386,开庭
1387,赔偿额
1388,字样
1389,30分
1390,链条
1391,证明力
1392,同
1393,总局
1394,申请书
1395,冻结
1396,清算
1397,横机
1398,知识
1399,角度
1400,主
1401,规范
1402,小天鹅
1403,订单
1404,不予
1405,副
1406,联众
1407,司机
1408,惠东县
1409,国家机关
1410,谢世海
1411,谭开新
1412,事情
1413,治疗费
1414,被申请人
1415,东莞
1416,区域
1417,工贸
1418,套间
1419,浩瀚源
1420,废婆
1421,常诚
1422,行终字
1423,白世桥
1424,入库单
1425,鼎安
1426,崇仁县
1427,李×1
1428,圣邦
1429,自治县
1430,柳敏
1431,停运
1432,丈夫
1433,老板
1434,模式
1435,爱梅尼特
1436,继承人
1437,万豪
1438,机电
1439,展馆
1440,立案庭
1441,饮水机
1442,湘钢
1443,谢京秦
1444,来源地
1445,二者
1446,贷记卡
1447,上海
1448,债权人
1449,安排
1450,部
1451,栏
1452,判令
1453,住宅
1454,系列
1455,罪名
1456,完工
1457,判
1458,总价
1459,组成部分
1460,户名
1461,退休
1462,三
1463,死亡
1464,个体
1465,指控
1466,计
1467,万分之五
1468,垫付
1469,基准
1470,保证人
1471,地点
1472,案涉
1473,借据
1474,夫
1475,撤诉
1476,江苏省
1477,购买
1478,质疑
1479,商标权
1480,魏某枫
1481,吴
1482,家中
1483,颜色
1484,铅笔
1485,加班费
1486,身份证
1487,根据
1488,公民
1489,电影
1490,鑫汇浩
1491,知名
1492,涉诉
1493,2001年
1494,江潮
1495,适当
1496,饼干机
1497,升降道轨
1498,公开
1499,厢式
1500,分居
1501,阶段
1502,在
1503,免责
1504,违约方
1505,钥匙
1506,延期
1507,解除权
1508,潘某
1509,胸部
1510,意识
1511,轻微
1512,电动
1513,肇庆
1514,出版物
1515,规章制度
1516,陶瓷
1517,经费
1518,借支
1519,采购
1520,都市型
1521,出租
1522,全部
1523,腿
1524,货币
1525,林远明
1526,陈×
1527,继承法
1528,住所
1529,确认书
1530,绿化
1531,一日
1532,产地
1533,16时
1534,小客车
1535,诈骗罪
1536,建房
1537,组委会
1538,福城源
1539,营运
1540,蒙牛
1541,杨某
1542,李××
1543,海康
1544,领域
1545,京鲁
1546,华安
1547,压缩机
1548,市委
1549,加拿大馆
1550,家族
1551,乐迪熊
1552,陈晓明
1553,计划生育
1554,征字
1555,澧县
1556,完成
1557,受伤
1558,收费表
1559,费率
1560,特殊
1561,记载
1562,代
1563,全
1564,嫌疑
1565,放弃
1566,李拥军
1567,专项
1568,维持
1569,混凝土
1570,延
1571,2013
1572,级
1573,到
1574,医生
1575,收条
1576,周某
1577,35分
1578,缴纳
1579,奖励
1580,唯一
1581,终结
1582,产生
1583,根本
1584,行决
1585,组织法
1586,集体所有
1587,白云区
1588,邮政局
1589,覃学潮
1590,无号牌
1591,反驳
1592,孩子
1593,实质
1594,王会平
1595,重要
1596,承诺
1597,吴某鹏
1598,小腿
1599,称
1600,青年
1601,模具
1602,组合
1603,被诉
1604,商誉
1605,郑育笑
1606,使
1607,胡某
1608,加工费
1609,路边
1610,曾宪龙
1611,圆珠笔
1612,刘灿辉
1613,事由
1614,产权人
1615,东方
1616,修改
1617,展模
1618,历史
1619,服装
1620,截图
1621,1996年
1622,贸易
1623,动作
1624,轨道
1625,进
1626,出
1627,厂
1628,用
1629,永利
1630,职权
1631,规划局
1632,备案
1633,连续
1634,刀
1635,12时
1636,联新
1637,管理区
1638,新乐
1639,万分之一
1640,车主
1641,崔×洲
1642,音像
1643,线索
1644,动物
1645,征收
1646,实现
1647,使用者
1648,监护人
1649,社区
1650,局
1651,苏某某
1652,欠条
1653,阳江市
1654,花都
1655,整改
1656,开发方
1657,进度
1658,超限费
1659,电子
1660,面包车
1661,邓开华
1662,供气
1663,增加
1664,各方
1665,项下
1666,律师所
1667,西城区
1668,页
1669,王京云
1670,能力人
1671,病
1672,杨×
1673,王少香
1674,2006年
1675,文章
1676,障碍
1677,必达信
1678,章
1679,宝华
1680,德丰坊
1681,软件
1682,庄胜
1683,修复
1684,张力
1685,股东会
1686,邓荣
1687,彩色
1688,流转
1689,新泰和
1690,补偿费
1691,襄城区
1692,农科院
1693,湛四元
1694,指示
1695,翁国强
1696,无息
1697,拖带
1698,委托人
1699,许某铭
1700,下午
1701,出院
1702,作案
1703,结婚
1704,打击
1705,统一
1706,不良
1707,婚生
1708,小孩
1709,成就
1710,考虑
1711,出资人
1712,有限
1713,注意
1714,理赔
1715,缓刑
1716,对象
1717,分行
1718,收取
1719,恢复
1720,众成
1721,房地产权
1722,上级
1723,查处
1724,听证
1725,图
1726,参加
1727,21时
1728,刑罚
1729,涉
1730,期
1731,答辩权
1732,复议权
1733,2012
1734,装饰
1735,恶习
1736,理据
1737,22时
1738,罚金
1739,47分
1740,声誉
1741,外
1742,吴海泉
1743,缺乏
1744,门口
1745,号码
1746,分子
1747,新会区
1748,自首
1749,月利率
1750,合伙
1751,途径
1752,评价
1753,性能
1754,老乡
1755,冯伯强
1756,进饼端
1757,文献
1758,纯收入
1759,准许
1760,出勤
1761,范畴
1762,判断
1763,联盛
1764,因果
1765,小学
1766,营业
1767,楼房
1768,信
1769,表
1770,朱伟娴
1771,哥哥
1772,李东海
1773,居间人
1774,收款
1775,附带
1776,争执
1777,形态
1778,相邻
1779,口头
1780,物体
1781,恩平
1782,大宇
1783,华强
1784,查明
1785,劳动法
1786,执法局
1787,陈华柱
1788,张鹏
1789,甘某
1790,受
1791,ldquo
1792,尾部
1793,陶然
1794,工程量
1795,王×1
1796,登记费
1797,购房
1798,工本费
1799,狗
1800,张敏
1801,持卡人
1802,唐
1803,赠
1804,待岗
1805,施工人
1806,余款
1807,谭某
1808,传票
1809,物流
1810,田野光
1811,包装
1812,刘×1
1813,孟倩
1814,相撞
1815,孙泓
1816,贾×
1817,身心
1818,皮肤
1819,肌力
1820,赵
1821,王×2
1822,餐厅
1823,货
1824,李x
1825,批件
1826,代表大会
1827,王颖
1828,马××
1829,基业
1830,拆许
1831,53分
1832,申广江
1833,郭海华
1834,发货
1835,赵×3
1836,中铁
1837,波形瓦
1838,陈旧性
1839,心肌梗
1840,集团公司
1841,受托方
1842,世博会
1843,京莉
1844,宜昌市
1845,申智
1846,杨凡
1847,意外
1848,赌博
1849,赌场
1850,15时
1851,砖
1852,止
1853,偿付
1854,指挥
1855,采取
1856,潜水
1857,海商法
1858,船舶
1859,习惯
1860,获救
1861,最后
1862,之一
1863,进货价
1864,管
1865,黄日辉
1866,隐患
1867,鉴定人
1868,负
1869,不妥
1870,肇庆市
1871,自由
1872,判处
1873,民事诉讼法
1874,模板
1875,现状
1876,省
1877,付款人
1878,综合科
1879,意义
1880,城市
1881,重型
1882,商业险
1883,罗
1884,湛江市
1885,交纳
1886,20时
1887,黄某某
1888,初犯
1889,抓获
1890,者
1891,2016年
1892,不
1893,股份社
1894,转让款
1895,叶新香
1896,自主权
1897,王某丙
1898,铺位
1899,红双喜
1900,车位
1901,说法
1902,配偶
1903,钢管
1904,卡
1905,弟
1906,吴志强
1907,投资人
1908,龙珠达
1909,切割片
1910,实
1911,零部件
1912,恶意
1913,美
1914,吴荣
1915,妹妹
1916,证字
1917,网吧
1918,解决
1919,清算组
1920,2005年
1921,退货
1922,前提
1923,查封
1924,纯
1925,郭东林
1926,李少凤
1927,说明书
1928,报表
1929,下方
1930,日成
1931,1
1932,总监
1933,近
1934,建力
1935,5时
1936,人均
1937,拖欠
1938,现行
1939,陈淑娴
1940,统计表
1941,法行
1942,废钢
1943,温某某
1944,阳光城
1945,契税
1946,审判决
1947,县
1948,比率
1949,中华
1950,谢火生
1951,侵害
1952,执字
1953,10时
1954,头
1955,轻伤
1956,一级
1957,交流
1958,伤者
1959,物
1960,黑
1961,提示
1962,未成年人
1963,有效期
1964,退还
1965,吴明龙
1966,软组织
1967,税款
1968,恩平市
1969,建材
1970,收到
1971,转包
1972,同事
1973,娱乐
1974,黄锦堂
1975,法
1976,冯
1977,手册
1978,祖母
1979,客人
1980,北
1981,宅基地
1982,14时
1983,项目权
1984,陈康贵
1985,美崇
1986,发
1987,3时
1988,民初字
1989,天平
1990,赡养
1991,东风
1992,秦太林
1993,房东
1994,吕×
1995,现代
1996,赵瑞河
1997,费
1998,年假
1999,在案
2000,中伟
2001,防水
2002,孙静
2003,华诚
2004,地位
2005,姚秀兴
2006,咨询
2007,摊位
2008,供暖
2009,痛
2010,阴性
2011,购房人
2012,保税
2013,手写
2014,嘉里
2015,张秀梅
2016,妨碍
2017,周
2018,离职
2019,配合
2020,李×2
2021,现象
2022,博通
2023,种
2024,李久之
2025,墙
2026,奥飞
2027,撤回
2028,合资
2029,金钻
2030,木全
2031,焦会
2032,电视剧
2033,处罚法
2034,形成
2035,北汽
2036,郭淑敏
2037,贾连明
2038,石春明
2039,颈椎
2040,传真
2041,加盟商
2042,江汉
2043,住所地
2044,制瓦机
2045,原料
2046,郑先明
2047,借支条
2048,COMPASS
2049,报价
2050,渠道
2051,黄×
2052,北交所
2053,本体
2054,中型
2055,李媛
2056,陈某
2057,刘平洋
2058,富星
2059,石油
2060,收购
2061,罗华林
2062,钟
2063,男性
2064,高岭
2065,承揽
2066,行为人
2067,结单
2068,2019年
2069,属实
2070,经常
2071,辖区
2072,拖轮
2073,自愿
2074,包
2075,让
2076,做
2077,1时
2078,凌晨
2079,村委会
2080,线
2081,造成
2082,高速公路
2083,残
2084,定案
2085,XX
2086,收益金
2087,决字
2088,原判
2089,成长
2090,故
2091,和好
2092,竣工
2093,储蓄部
2094,2002年
2095,使用费
2096,赔付
2097,罗定市
2098,认字
2099,机动
2100,出票人
2101,刘
2102,免
2103,批准
2104,搜查
2105,取得
2106,收
2107,车牌
2108,保险费
2109,约
2110,米兰
2111,人人
2112,勘验
2113,罚息利率
2114,公示
2115,关系人
2116,港龙
2117,准确
2118,权力
2119,吸毒
2120,带
2121,庭
2122,丛艺
2123,盖章
2124,所得利益
2125,合理性
2126,龙岗区
2127,世华
2128,成交价
2129,卖方
2130,棍子
2131,镇
2132,真正
2133,阐述
2134,立功
2135,打
2136,派克
2137,英文
2138,T
2139,通用
2140,注册人
2141,对比
2142,公正
2143,仲裁法
2144,份
2145,知民初字
2146,销售量
2147,帝肯
2148,笔
2149,周金凤
2150,归
2151,计息
2152,认为
2153,获得
2154,PrScrnSysRq
2155,YISHion
2156,反应
2157,抢劫罪
2158,锤
2159,辅助
2160,类别
2161,名誉
2162,夹心
2163,传动
2164,新型
2165,道
2166,周佳斌
2167,三者险
2168,制球
2169,张林锋
2170,寻衅滋事
2171,出让金
2172,行初
2173,阳光
2174,纪要
2175,媒介
2176,联合
2177,吴曲嫦
2178,债务人
2179,梁萍
2180,港币
2181,雅高
2182,超额
2183,1998年
2184,步骤
2185,服务业
2186,茂名市
2187,吴某玲
2188,梁北玲
2189,类
2190,被保险人
2191,无关
2192,投保人
2193,维修
2194,17时
2195,&
2196,分
2197,2021年
2198,间接
2199,快递
2200,营利
2201,五
2202,光盘
2203,曲目
2204,莫景恒
2205,梁
2206,times
2207,谭
2208,局长
2209,所得税
2210,徐进宗
2211,班组
2212,肖某
2213,黄勇辉
2214,仲裁庭
2215,学校
2216,途中
2217,名单
2218,申诉
2219,上班
2220,违纪
2221,挂靠
2222,虚假
2223,案情
2224,细则
2225,行政部门
2226,光电
2227,九江
2228,出庭
2229,管道
2230,刘建明
2231,李×
2232,大兴区
2233,抵押物
2234,发包方
2235,张敏只
2236,健身
2237,孙
2238,二中
2239,标的额
2240,王鑫阳
2241,张家湾
2242,金地
2243,96658
2244,中祥
2245,置地
2246,盛世
2247,名誉权
2248,郑州
2249,武X2
2250,脱位型
2251,布氏征
2252,脑
2253,截瘫
2254,公共场所
2255,书证
2256,X
2257,办公会
2258,贺
2259,贾学进
2260,叶松
2261,对账单
2262,千图
2263,恒业
2264,三亚
2265,2008
2266,尹淑珍
2267,沈凯
2268,词汇
2269,大名
2270,承海
2271,上传
2272,数据库
2273,图纸
2274,李光明
2275,考核
2276,安置
2277,接收
2278,被告方
2279,滦平
2280,郭×
2281,王碧芳
2282,康翔
2283,张宝和
2284,放映权
2285,所
2286,原材料
2287,哈佛
2288,打印件
2289,樊爱国
2290,祁×
2291,刘×2
2292,区委
2293,滁州
2294,贵方
2295,世博局
2296,贵
2297,季度
2298,玖六玖
2299,王才荣
2300,皮娅娟
2301,常德市
2302,队伍
2303,长沙市
2304,澧
2305,周树良
2306,出租人
2307,窃听
2308,晚上
2309,身故
2310,手中
2311,陈锋
2312,邹建军
2313,法医
2314,雇佣
2315,定作人
2316,宝安区
2317,另行
2318,海事局
2319,101
2320,救助费率
2321,分摊
2322,日志
2323,功率
2324,准备
2325,过
2326,驳减载脱浅
2327,回复
2328,女朋友
2329,林某
2330,卖
2331,找
2332,小车
2333,认
2334,骨
2335,固定物
2336,部位
2337,明
2338,彩礼
2339,千分之五
2340,答复
2341,裁量权
2342,何伟明
2343,二终字
2344,阮炳辉
2345,票
2346,回执
2347,案号
2348,13时
2349,彭书生
2350,卫生站
2351,我院
2352,hellip
2353,用药
2354,报告书
2355,珠海市
2356,长
2357,邮政
2358,资信
2359,移送
2360,必经
2361,审批
2362,要点
2363,用房
2364,号牌
2365,依法
2366,回单
2367,诚信
2368,核心
2369,搬
2370,休
2371,2000年
2372,勘查
2373,冰毒
2374,牛仔裤
2375,桌子
2376,罚款
2377,容桂
2378,红旗
2379,中路
2380,捺印
2381,特
2382,指使
2383,两者
2384,地面
2385,客厅
2386,姑母
2387,子
2388,东西
2389,海珠区
2390,砍
2391,制造
2392,派克笔
2393,要素
2394,比对
2395,叶秀红
2396,负面
2397,非法
2398,应有
2399,售
2400,郑艳贞
2401,长期
2402,型号
2403,厂家
2404,败诉
2405,自然人
2406,定书
2407,天河区
2408,联航
2409,店铺
2410,房子
2411,曾军
2412,重
2413,传播
2414,享有
2415,飞扬
2416,曹娇
2417,录像
2418,终字
2419,临时
2420,每月
2421,实业
2422,实物
2423,送饼器
2424,描述
2425,枢轴
2426,构件
2427,链条盘
2428,主题
2429,陈镇宏
2430,愈合
2431,暂行
2432,制
2433,用品
2434,放假
2435,补缴
2436,观点
2437,股长
2438,圆山
2439,愿意
2440,假象
2441,意志
2442,从犯
2443,范秋琼
2444,入
2445,栋
2446,商店
2447,分理处
2448,无权
2449,担保法
2450,行驶
2451,社
2452,效力性
2453,鼎晔
2454,超过
2455,伤害罪
2456,朱某
2457,我家
2458,早上
2459,新建
2460,许
2461,保险法
2462,损失险
2463,结论书
2464,征地
2465,2时
2466,谢志雄
2467,钝性
2468,头盔
2469,家长
2470,平安
2471,拖车费
2472,锐康
2473,3
2474,节目
2475,温某
2476,出入库
2477,民工
2478,变卖
2479,山塘
2480,人工
2481,刘爱清
2482,器具费
2483,何某
2484,美术
2485,霄边
2486,工资款
2487,花都区
2488,综合楼
2489,契证
2490,汤浩发
2491,相对性
2492,广告
2493,公司法
2494,太平
2495,山庄
2496,恋爱
2497,医药费
2498,农民
2499,身上
2500,撞
2501,皮革
2502,使用权证
2503,独立性
2504,额外
2505,卫生
2506,罚息率
2507,王珺
2508,抵押权人
2509,催款
2510,市政
2511,领
2512,调
2513,闭合性
2514,二级
2515,本次
2516,王新华
2517,工伤
2518,归属
2519,入职
2520,房租
2521,朝民初
2522,否认
2523,争吵
2524,习俗
2525,汇款
2526,宏业
2527,林丽春
2528,陈严兴
2529,赵×
2530,社会化
2531,维修队
2532,军车
2533,解放军
2534,热
2535,刘锐
2536,承包期
2537,手头
2538,郭
2539,牌号
2540,解约
2541,万紫千红
2542,经纪
2543,肿
2544,杨X
2545,有偿
2546,羽辉
2547,工资表
2548,应用
2549,大朝
2550,地区
2551,不服
2552,会
2553,公约
2554,周吉
2555,九日
2556,中文
2557,张连增
2558,王丽
2559,何红霞
2560,雪獒侠
2561,奇客
2562,创想
2563,报业
2564,发包
2565,光耀
2566,丙方
2567,面
2568,书
2569,受让方
2570,评估表
2571,驻场
2572,体系
2573,前期
2574,播放
2575,乐视
2576,来源于
2577,全集
2578,王素曼
2579,沙莎
2580,报
2581,叔
2582,玉田
2583,爱童坊
2584,进货
2585,复议法
2586,公文
2587,东领
2588,赵xx
2589,任丰
2590,崔瑜
2591,崔佩
2592,刘大庆
2593,土家族
2594,曹某
2595,荆州市
2596,孝感市
2597,样品
2598,先正达
2599,苏灵
2600,存续
2601,前桥梓村
2602,张进军
2603,司
2604,租赁费
2605,新泰
2606,秦建新
2607,华昌
2608,恩施
2609,阮紫菱
2610,童某
2611,朱建伟
2612,吕小强
2613,乘员
2614,汉江
2615,管理权
2616,承揽人
2617,财政局
2618,苏仙区
2619,证照
2620,刘左喜
2621,李熠
2622,窃照
2623,谈话
2624,教养
2625,刘劼
2626,场子
2627,杨文
2628,王忠帅
2629,结算书
2630,方单
2631,兄弟
2632,成果
2633,行使
2634,韶关市
2635,开工
2636,刑期
2637,通话
2638,成功
2639,所有人
2640,有理
2641,次
2642,铭
2643,时候
2644,低
2645,乡道
2646,Y06212
2647,怀集县
2648,苏杰祥
2649,答辩人
2650,侧
2651,颏
2652,桡
2653,内
2654,包括
2655,国有
2656,死者
2657,满
2658,谅解
2659,赃款
2660,出租方
2661,10号
2662,商城
2663,从化市
2664,汕头市
2665,黄镇生
2666,穗中
2667,审计
2668,对应
2669,开户
2670,参与
2671,自有
2672,东
2673,负责
2674,惠城区
2675,惠风
2676,扣除
2677,法民初字
2678,18分
2679,报废
2680,车道
2681,驾驶人
2682,外伤
2683,空头
2684,超出
2685,钢铁
2686,移交
2687,检测
2688,明知
2689,周期
2690,回
2691,车队
2692,挂靠费
2693,南山区
2694,结息
2695,代理费
2696,置业
2697,销毁
2698,启动
2699,陈勇涛
2700,雄星
2701,狮山镇
2702,申诉权
2703,党中央
2704,李倩仪
2705,冤假错案
2706,冤
2707,社员
2708,涉讼
2709,镇政府
2710,租户
2711,转账
2712,签约
2713,到庭
2714,裙楼
2715,买家
2716,说
2717,多少
2718,罗进洪
2719,乐卖
2720,身
2721,罗湖区
2722,未遂
2723,佣金
2724,差别
2725,打架
2726,枪支
2727,报警
2728,黑色
2729,藏
2730,脖子
2731,什么
2732,偏僻
2733,信用联社
2734,新旺海
2735,陈国华
2736,良好
2737,原告派
2738,罗炳文
2739,蜡烛
2740,规模
2741,名录
2742,工艺厂
2743,水晶
2744,补
2745,这样
2746,纵容
2747,水电
2748,中医院
2749,帮助
2750,采纳
2751,所谓
2752,相当
2753,真伪
2754,令
2755,PARKER
2756,不符
2757,公证员
2758,禅城区
2759,街
2760,担保人
2761,取证
2762,改动
2763,互联网
2764,指向
2765,6
2766,页面
2767,著作
2768,铜料
2769,背景
2770,树
2771,男女
2772,拿
2773,正域
2774,函件
2775,公知
2776,数据
2777,原始
2778,炒冰机
2779,检索
2780,表述
2781,分体
2782,饼轴
2783,成品
2784,实用
2785,9
2786,自动
2787,驱动
2788,输送道
2789,间隔倒
2790,审判员
2791,翁荣城
2792,合意
2793,小结
2794,剧烈
2795,家人
2796,知
2797,警示
2798,丰铭
2799,华润
2800,李华章
2801,被继承人
2802,房屋产权
2803,所在
2804,目标
2805,税务局
2806,纳税
2807,机会
2808,文化
2809,手法
2810,打电话
2811,侵占罪
2812,行为所
2813,予以
2814,所属
2815,惠州
2816,李婷
2817,顾问
2818,单元
2819,2分
2820,珠海
2821,原来
2822,民间
2823,店
2824,铺
2825,月息
2826,供
2827,大埔县
2828,69293.
2829,指纹
2830,朱
2831,钝
2832,卫生院
2833,吴某南
2834,头部
2835,居委会
2836,髋
2837,臼
2838,前沿
2839,五华县
2840,重度
2841,失
2842,信号灯
2843,更换
2844,结算单
2845,盖
2846,深圳
2847,投递站
2848,安置部
2849,排
2850,版权局
2851,海蝶
2852,陈某某
2853,食品
2854,免赔率
2855,法官
2856,无误
2857,台山市
2858,张告乐
2859,见证人
2860,赔偿法
2861,收储
2862,储备
2863,班
2864,退场
2865,银行卡
2866,日息
2867,视线
2868,当天
2869,学生
2870,帐户
2871,模具款
2872,厂房
2873,流水
2874,识别
2875,助理
2876,异常
2877,服务站
2878,卢丽娟
2879,58分
2880,盈亏
2881,管理法
2882,控制人
2883,月工资
2884,贷
2885,复利
2886,曹婉云
2887,相识
2888,表示
2889,需
2890,空调
2891,聚丰源
2892,分割
2893,唐华南
2894,衣服
2895,女性
2896,话
2897,马诺佩斯皮革
2898,高要市
2899,事业
2900,出让
2901,南狮府
2902,李慧怡
2903,额
2904,重新
2905,相对
2906,海民初字
2907,朱耀中
2908,水
2909,丰台区
2910,人力
2911,现东风
2912,夏玉华
2913,间
2914,鸿云
2915,兴业
2916,陈文侠
2917,修车费
2918,冲突
2919,终止日
2920,函费
2921,拍卖
2922,暴雨
2923,咬
2924,刘冲
2925,科学技术
2926,获
2927,持续性
2928,崔君日
2929,外力
2930,节
2931,王庆辉
2932,于
2933,门
2934,地产
2935,商事
2936,存量房
2937,合格证
2938,李章某
2939,签收
2940,律所
2941,研究院
2942,欧尚
2943,杨洪
2944,阀门
2945,年底
2946,支配
2947,金华
2948,时光
2949,手术
2950,承保
2951,张××
2952,包工头
2953,承包方
2954,张X1
2955,反射
2956,常理
2957,宣传
2958,显
2959,名园
2960,农民工
2961,叉车工
2962,名册
2963,张宗钢
2964,南苑乡
2965,收回
2966,收取人
2967,销售期
2968,郑莎莎
2969,盛天宏瑞
2970,生产型
2971,租赁物
2972,贵司
2973,养老保险
2974,万通鼎安
2975,郝跃中
2976,通州区
2977,字号
2978,王xx
2979,威胁
2980,借款方
2981,贷款方
2982,王桂华
2983,李天栋
2984,腹部
2985,该款
2986,退票
2987,会计
2988,退货单
2989,起诉状
2990,供货
2991,和
2992,贷款日
2993,王x1
2994,市政府
2995,账目
2996,网电
2997,一中
2998,商号
2999,商贸
3000,丁彻
3001,薪资表
3002,改编权
3003,矿产品
3004,出资额
3005,承包费
3006,苑盛园
3007,资本
3008,用水
3009,林
3010,张益才
3011,刘红旗
3012,徐照辉
3013,优朋
3014,普乐
3015,优酷
3016,需求
3017,开发署
3018,晶慧焱
3019,科贸
3020,出租车
3021,当庭
3022,何×
3023,观众
3024,苏泊尔
3025,电磁炉
3026,箱子
3027,建委
3028,链家
3029,动漫
3030,要
3031,范×
3032,走私
3033,范
3034,21点
3035,头发
3036,陈达
3037,平谷区
3038,乔宪利
3039,追加
3040,变动
3041,高利贷
3042,手里
3043,聂某
3044,聚众斗殴
3045,创
3046,昌斐
3047,郑某某
3048,华瑞诚
3049,中学
3050,和兴
3051,鹰达
3052,表面
3053,改性
3054,防火门
3055,瓦样品
3056,填充料
3057,张琳
3058,人寿
3059,拒
3060,聚利隆
3061,关闭
3062,财政
3063,谢×
3064,孙亚清
3065,鲁能英大
3066,马×
3067,邮箱
3068,院落
3069,谷轮
3070,测试
3071,石振文
3072,租房人
3073,中共
3074,导致
3075,排水沟
3076,借记卡
3077,外遇
3078,有效性
3079,金万里
3080,马甲
3081,翻译件
3082,京G60935
3083,1972年
3084,明星
3085,底单
3086,玛莎拉蒂
3087,三叉戟
3088,年初
3089,苗族
3090,故障
3091,余岭村
3092,批文
3093,汪海林
3094,咸宁市
3095,张语乐
3096,家务
3097,涂辉
3098,御龙
3099,嘉太
3100,距离
3101,晋M×××××
3102,黄冈市
3103,李爱龙
3104,核算
3105,富然
3106,怀化市
3107,郴州市
3108,叶连生
3109,中旬
3110,澧房
3111,谢德
3112,北湖区
3113,中联
3114,笔音
3115,胡某武
3116,参赌
3117,辨认人
3118,改变
3119,预征地
3120,嘉禾县
3121,高某甲
3122,挖孔桩
3123,陈峰
3124,宗元
3125,朱凤林
3126,谢庆全
3127,四会市
3128,外科
3129,之间
3130,用地
3131,超
3132,鹤山市
3133,难
3134,拖
3135,驳
3136,救201
3137,海损
3138,货主
3139,航
3140,救116
3141,救101
3142,船东
3143,核对
3144,船长
3145,轮船
3146,谈判
3147,相对人
3148,汇
3149,买
3150,老婆
3151,同学
3152,充足
3153,停车场
3154,宾馆
3155,林庆国
3156,公交
3157,下颌骨
3158,关节
3159,局部
3160,选择性
3161,住宿费
3162,关键
3163,文证
3164,报销
3165,医
3166,其是
3167,5‰
3168,地段
3169,顶棚
3170,郑某甲
3171,惠阳区
3172,嗜好
3173,佛山
3174,三初
3175,工期
3176,大写
3177,酌定
3178,兑付
3179,指令
3180,高院
3181,存款人
3182,营业部
3183,活期
3184,房间
3185,续
3186,租
3187,真相
3188,西
3189,平南
3190,代位权
3191,借款条
3192,梅州市
3193,9时
3194,营养费
3195,药
3196,中天
3197,骨科
3198,抢夺
3199,石
3200,破案
3201,博罗县
3202,费率表
3203,款期
3204,当期
3205,广
3206,刘志强
3207,房地产权证
3208,举报件
3209,转办
3210,进口
3211,境内
3212,经销商
3213,江山
3214,修规
3215,意见表
3216,卢某
3217,卢某棉
3218,杏龙路
3219,划分
3220,轿车所
3221,转让价
3222,载明
3223,社长
3224,大力
3225,诉审
3226,汤
3227,失血性
3228,上缴
3229,国库
3230,鼓楼区
3231,完毕
3232,空置
3233,参照
3234,保中山
3235,必要性
3236,意愿
3237,幸福
3238,朱青松
3239,释放
3240,2011
3241,福田区
3242,按揭
3243,深
3244,清理
3245,处于
3246,禁止性
3247,玩具
3248,式
3249,看见
3250,窗户
3251,某城
3252,今天
3253,侮辱
3254,1994年
3255,茶楼
3256,直行
3257,用工
3258,颜
3259,晚
3260,手
3261,西瓜刀
3262,强
3263,机读
3264,实质性
3265,文达
3266,持续
3267,蓬江区
3268,成熟
3269,福田
3270,加
3271,著名
3272,简单
3273,确切
3274,有待
3275,广大
3276,制裁
3277,显著性
3278,恶劣
3279,最终
3280,决定权
3281,科室
3282,关照
3283,优势
3284,居住证
3285,嘉欣
3286,亚洲华
3287,王某
3288,刑
3289,伍尚福
3290,花港
3291,椭圆
3292,光敏
3293,铜质
3294,异字
3295,图样
3296,DK
3297,宝珠
3298,美华
3299,送货
3300,电器
3301,控
3302,图形分
3303,姨妈
3304,配套
3305,购买权
3306,催告
3307,16日日
3308,朱文能
3309,经营不善
3310,配件
3311,列
3312,足以
3313,内民证字
3314,陈荣聪
3315,借料
3316,报关单
3317,凭据
3318,先生
3319,信托
3320,格式
3321,实施地
3322,发布
3323,违规
3324,删除
3325,同月
3326,子弹
3327,吴坤
3328,可疑
3329,拒付
3330,招聘
3331,邮局
3332,江中
3333,外壳
3334,成
3335,铰链
3336,转动
3337,开关
3338,中止
3339,轴
3340,司法部
3341,创伤
3342,行走
3343,肢体
3344,揭阳市
3345,鉴别
3346,越秀区
3347,艾可思
3348,波马
3349,改正
3350,澄海区
3351,2
3352,限
3353,签
3354,福利
3355,发现
3356,不和
3357,少
3358,责字
3359,补贴
3360,运作
3361,初衷
3362,平
3363,铁
3364,装
3365,实行
3366,过磅
3367,吸盘
3368,前科
3369,扣
3370,相互
3371,均价
3372,工商局
3373,回函
3374,责
3375,结
3376,工场
3377,破产
3378,证号
3379,熊佐源
3380,金钱
3381,出差
3382,相对方
3383,存执
3384,收支
3385,汇业
3386,3月份
3387,火车站
3388,巨额
3389,辩称
3390,李裕兴
3391,心理
3392,何
3393,14990.
3394,管理科
3395,申报
3396,肋骨
3397,地上
3398,吴某普
3399,电白县
3400,审庭
3401,她家
3402,门窗
3403,流血
3404,恰当
3405,5分
3406,投保单
3407,周某某
3408,帐
3409,蕉田
3410,股
3411,畸形
3412,工
3413,谢仲波
3414,尸体
3415,全身
3416,啤酒
3417,尽
3418,张小青
3419,5％
3420,百分之五
3421,损坏
3422,货运
3423,持有
3424,消防
3425,夜班
3426,警告
3427,提前
3428,原有
3429,扶养人
3430,短信
3431,判项
3432,胡
3433,管理处
3434,减少
3435,辩论
3436,玻璃
3437,闲置
3438,总量
3439,羁押
3440,案由
3441,搬运
3442,工序
3443,难度
3444,公司处
3445,制作
3446,材料费
3447,丁某
3448,围墙
3449,行人
3450,简易
3451,合
3452,刺激性
3453,虎门
3454,辉航
3455,暴力
3456,左手
3457,西湖
3458,民法
3459,通则
3460,管理人
3461,生活区
3462,标注
3463,李凤珠
3464,150％
3465,2月份
3466,刘艳明
3467,姚龙辉
3468,结合
3469,为由
3470,温度
3471,粤X3T393
3472,黄金
3473,项链
3474,1992年
3475,万分之二
3476,地块
3477,拆
3478,9月份
3479,投入
3480,香港
3481,理会
3482,上肢
3483,隐
3484,用卡
3485,金穗
3486,假期
3487,中央
3488,李林梅
3489,松一
3490,照明
3491,遗弃
3492,积极
3493,救护车
3494,去
3495,&ldquo
3496,下茆镇
3497,许无
3498,辆
3499,流浪者
3500,洪专化
3501,30%
3502,陈振强
3503,728003.
3504,到期日
3505,黄志成
3506,诚实
3507,受让
3508,违背
3509,刘锡源
3510,橘郡
3511,燃气费
3512,张红娟
3513,建造
3514,张×
3515,牟×2
3516,日洋厂
3517,卫生局
3518,劳监
3519,人社
3520,达到
3521,标致
3522,男方
3523,营销
3524,务工
3525,石凤仙
3526,催收费
3527,限于
3528,个案
3529,陈洁娜
3530,工本
3531,本月
3532,脚
3533,此事
3534,刘永慧
3535,薛小军
3536,太平洋卡
3537,仲崇毅
3538,前臂
3539,持
3540,急性
3541,曹×
3542,口角
3543,会员卡
3544,等额货币
3545,承租房
3546,承租权
3547,考勤簿
3548,华芳
3549,运营
3550,小绪
3551,杨青
3552,案款
3553,腾退
3554,张秀青
3555,荣辉
3556,达成
3557,范秋堤
3558,另
3559,情绪
3560,达龙
3561,郭大
3562,每人
3563,二〇一二年
3564,九月
3565,酒
3566,刘×
3567,屋
3568,黄竹窿
3569,山场
3570,李某甲
3571,韦巧
3572,贾兴武
3573,交费
3574,熊
3575,彭某
3576,专递
3577,代收人
3578,东阳市
3579,元甲
3580,李建国
3581,治安
3582,军队
3583,养护
3584,客观性
3585,考勤表
3586,仲裁委
3587,32214.
3588,供暖费
3589,影视
3590,造型
3591,邵×
3592,干活
3593,接受
3594,石门苑
3595,寇群
3596,满勤
3597,顺义区
3598,X2
3599,六月
3600,审判庭
3601,姜静承
3602,丁×
3603,钱款
3604,大学
3605,南
3606,过性
3607,大腿
3608,意
3609,周青
3610,依赖
3611,假肢
3612,轻
3613,王X
3614,广告费
3615,世界
3616,违章
3617,俊刚
3618,库房
3619,部署
3620,快乐
3621,城堡
3622,天皓成
3623,李长洞
3624,天河店
3625,车间
3626,公司方
3627,韩国
3628,反证
3629,休年
3630,指导价
3631,华旅
3632,国泰
3633,刘×3
3634,数
3635,伪造
3636,罚金项
3637,减去
3638,维保
3639,垃圾
3640,总经理
3641,落款
3642,商议
3643,赵立阳
3644,填补
3645,王X1
3646,被告席
3647,爱人
3648,账函
3649,00687364
3650,密云县
3651,起诉人
3652,信用贷款
3653,先后
3654,协调
3655,朱莉
3656,本职工作
3657,矿业
3658,互联网络
3659,cn
3660,知行初字
3661,商评
3662,隔
3663,龙凤
3664,名府
3665,酒类
3666,地名
3667,龙王府
3668,行政区划
3669,上诉状
3670,消费品
3671,氛围
3672,00分
3673,履行地
3674,未果
3675,本意
3676,丁国玉
3677,权限
3678,图书馆
3679,史×7
3680,史军生
3681,监理
3682,主债权
3683,李聚全
3684,王冠宁
3685,昌平
3686,妄想
3687,董事会
3688,歌厅
3689,准则
3690,可能性
3691,高鹏举
3692,加害
3693,夫妇
3694,账册
3695,保洁部
3696,户
3697,稳定
3698,折价款
3699,十九日
3700,抵触
3701,图标
3702,版权
3703,优酷网
3704,pad
3705,北正房
3706,王成龙
3707,门前
3708,怀柔区
3709,销售者
3710,梁×
3711,表弟
3712,知道
3713,齐
3714,××
3715,老二
3716,声明
3717,厂名
3718,中信
3719,韩铁军
3720,陈金国
3721,怀柔
3722,张希存
3723,特价
3724,店型
3725,免费
3726,守
3727,专递单
3728,记录单
3729,门头沟
3730,法国
3731,长女
3732,一并
3733,张石柱
3734,示意图
3735,权人
3736,房屋系
3737,友芝友
3738,法医学
3739,财政厅
3740,王某甲
3741,沙嘴
3742,课桌
3743,诚成
3744,驾驶员
3745,厉某某
3746,机器
3747,粉末
3748,波形
3749,泛霜
3750,东西湖
3751,肿瘤
3752,自行代
3753,勾选
3754,天地
3755,非经营性
3756,卡子墙
3757,用地证
3758,借支款
3759,词义
3760,温室
3761,补贴款
3762,材料款
3763,适格
3764,锁链
3765,博成
3766,知行初
3767,大门
3768,杜秀娟
3769,赵前
3770,小汤山镇
3771,刘池
3772,试机
3773,路面
3774,高度
3775,孙宝忠
3776,石国银
3777,场馆
3778,大厅
3779,组织方
3780,复建
3781,馆
3782,世博园区
3783,端午节
3784,宋丹
3785,工龄
3786,大厦
3787,出库章
3788,齐×
3789,英华
3790,商标系
3791,立体
3792,膝盖
3793,西陵区
3794,苏州市
3795,客服
3796,车库
3797,名都
3798,黄婷婷
3799,省级
3800,何庆华
3801,被告区
3802,张京伟
3803,何霞
3804,十堰市
3805,办公区
3806,半挂车
3807,经商
3808,金源
3809,鄂Q×××××
3810,黄启军
3811,张成超
3812,范某
3813,谭玺悦
3814,供电
3815,陈志林
3816,嫁妆钱
3817,岳阳市
3818,木材
3819,胡维奎
3820,蔡先富
3821,阳检荣
3822,永州市
3823,申萍
3824,建
3825,老屋
3826,邵阳
3827,老家
3828,废旧
3829,沁园牌
3830,安全局
3831,录音笔
3832,频
3833,硬盘
3834,镜头
3835,武陵
3836,湘雅
3837,后事
3838,逮捕
3839,火
3840,场
3841,免冠
3842,家人村
3843,某平
3844,父
3845,熊建国
3846,湛
3847,办公楼
3848,潇湘
3849,必须品
3850,缺陷
3851,被侵权人
3852,跌
3853,谢炳南
3854,肇庆仁
3855,爱手
3856,雇请
3857,x
3858,日利率
3859,起
3860,孔凡柏
3861,陈翁
3862,云浮市
3863,郑
3864,清新县
3865,陈嘉俊
3866,队列
3867,2024年
3868,海
3869,广海法
3870,轮船东
3871,通常
3872,局面
3873,湛江
3874,0200时
3875,0933时
3876,预计
3877,院长
3878,理算
3879,评估师
3880,采用
3881,抵达
3882,减载
3883,脱
3884,3.
3885,动力
3886,做法
3887,选定
3888,封
3889,RJ
3890,富士康
3891,翻新机
3892,信任
3893,12月份
3894,曾屋村
3895,冷坑
3896,马宁
3897,HJM315号
3898,病例
3899,临床
3900,时限
3901,状
3902,远端
3903,尺
3904,摘要
3905,摘录
3906,致
3907,法律文
3908,零售业
3909,同行业
3910,临鉴
3911,监控
3912,恶性
3913,赃物
3914,性
3915,明珠
3916,月租
3917,延迟
3918,理顺
3919,月份
3920,中土
3921,沙仔村
3922,占用
3923,72.
3924,6时
3925,佛岗村
3926,定罪
3927,房产系
3928,单元房
3929,该案
3930,彭康荣
3931,110
3932,加强
3933,批评
3934,甲方处
3935,总数
3936,整
3937,中途
3938,信访
3939,存单
3940,高法
3941,金辉
3942,应
3943,逻辑
3944,本质
3945,协理员
3946,单
3947,体制
3948,东晓
3949,惠中
3950,限期
3951,李常军
3952,龙岗
3953,受偿
3954,纠正
3955,W2A8XX号
3956,路灯
3957,缺口
3958,失效
3959,非机动车
3960,伍伟强
3961,伤势
3962,胫骨
3963,论述
3964,事故所
3965,背书
3966,背书人
3967,林虎
3968,常平
3969,雷州市
3970,该所
3971,陈妃华
3972,名发城
3973,陈村
3974,谢某
3975,追缴
3976,掌握
3977,海洛因
3978,大头鬼
3979,还款日前
3980,广发卡
3981,非现金
3982,入账日
3983,交易款
3984,徐强湛
3985,高州
3986,联保
3987,季审
3988,众
3989,管理所
3990,潮南
3991,发案
3992,2009
3993,交房
3994,何慧云
3995,查询表
3996,许玉东
3997,签收单
3998,邱娣才
3999,遇
4000,黄志刚
4001,金额数
4002,时代
4003,罗街办
4004,妇女
4005,办行决
4006,受诉
4007,法治
4008,党
4009,十八大
4010,佛南
4011,法非
4012,穗云
4013,原状
4014,退租
4015,危房
4016,罗先强
4017,案卷
4018,救援
4019,重型厢式
4020,案发
4021,汤某某
4022,创伤性
4023,休克
4024,出租屋
4025,前往
4026,王玲
4027,贩卖
4028,龙某
4029,袋
4030,新华街
4031,警车
4032,楼下
4033,赵某
4034,小店区
4035,黄浦区
4036,重复
4037,累犯
4038,汇景
4039,陈仁兴
4040,尹剑
4041,落款处
4042,香
4043,朱某浩
4044,童庆洪
4045,货品
4046,相符
4047,私房
4048,陆堂
4049,交行
4050,南中
4051,注销
4052,房地产证
4053,第三方
4054,海泉
4055,枪
4056,4点钟
4057,男朋友
4058,话费
4059,红色
4060,凳子
4061,女友
4062,吴某娇
4063,4时
4064,弹头
4065,袋子
4066,小汽车
4067,陈晓茵
4068,前途
4069,穗海法
4070,诉辩
4071,颜某某
4072,诸
4073,陈武添
4074,新颖性
4075,外观
4076,视觉
4077,派
4078,克笔
4079,江蓬
4080,母子
4081,意图
4082,灯油
4083,构图
4084,带来
4085,影响力
4086,空
4087,改革
4088,字形
4089,合算
4090,释义
4091,监督
4092,全额
4093,种类
4094,鼓励
4095,差错
4096,知民初
4097,会城
4098,砂轮片
4099,好处费
4100,全面
4101,江西人
4102,审核
4103,麻醉科
4104,招标
4105,竞争
4106,无理
4107,在职
4108,计件
4109,出路
4110,卓某
4111,侵权案
4112,店主
4113,拥有
4114,妨害
4115,完全
4116,确
4117,DMERORKEN
4118,补救
4119,推论
4120,特许权
4121,专用袋
4122,代码
4123,顶端
4124,合伙人
4125,无限
4126,派克牌
4127,郑伟雄
4128,被鉴定者
4129,其余
4130,价值业
4131,亲生
4132,搬离
4133,刘某
4134,湘桥区
4135,潮州市
4136,李勇
4137,朱文
4138,计算机
4139,内民
4140,实地
4141,控制
4142,链接
4143,服务器
4144,画面
4145,无线
4146,清册
4147,报关
4148,国家标准
4149,逾期款
4150,万金刚
4151,淘宝网
4152,网名
4153,驰名
4154,南华
4155,增值
4156,定
4157,特有
4158,竞争法
4159,本法
4160,提醒
4161,涉终字
4162,上网
4163,后台
4164,图片
4165,姓名
4166,便捷程序
4167,抢夺罪
4168,劫取
4169,缺失
4170,自制
4171,运情
4172,建立
4173,速递
4174,批条
4175,金河田
4176,年费
4177,冲霜
4178,日报
4179,一中行初
4180,统计
4181,新会市
4182,群泰
4183,1997年
4184,协力
4185,发动机
4186,确凿
4187,制止
4188,设有
4189,龙港
4190,通槽
4191,出饼端
4192,卢礼权
4193,干机
4194,饼
4195,等同
4196,装置动作
4197,单独
4198,运行
4199,专利法
4200,正
4201,判定
4202,佑荣
4203,佑荣厂
4204,DM7933
4205,占陇镇
4206,新军埠
4207,肢
4208,评残
4209,条文
4210,穗越
4211,创意
4212,义
4213,低下
4214,鸿兴
4215,鸿晖
4216,陈德耿
4217,工会
4218,反映
4219,签收表
4220,楼宇
4221,回迁
4222,很
4223,穗
4224,行复
4225,府
4226,效能
4227,追溯
4228,陈述权
4229,剔除
4230,问
4231,驾位
4232,139××××0126
4233,该人
4234,案人
4235,废
4236,便利
4237,犯意
4238,收料员
4239,钟某
4240,跟
4241,取保
4242,本地
4243,置换
4244,刘育斌
4245,救济权
4246,审事
4247,保证书
4248,实验
4249,明文规定
4250,违约会
4251,查
4252,缴税
4253,缘故
4254,决判
4255,延续
4256,加工
4257,高州县
4258,新港
4259,凤岗
4260,档
4261,预
4262,等额
4263,理解
4264,房产证
4265,樟木头
4266,住宅楼
4267,中惠
4268,111599
4269,截止
4270,锦友
4271,轻型厢式
4272,黄志坚
4273,独资
4274,大成塘
4275,校园
4276,呈批表
4277,段
4278,钢材
4279,韩刘典
4280,准予
4281,1993年
4282,缩水
4283,上限
4284,付清
4285,2%
4286,行为会
4287,预期
4288,早期
4289,房屋套
4290,7388.
4291,佛城法
4292,渔
4293,腓
4294,锐器
4295,荔湾区
4296,欧绪先
4297,门诊
4298,母女
4299,嘴部
4300,某玲
4301,得
4302,某贤
4303,邻里
4304,果树
4305,非汽车类
4306,中和坊
4307,司前镇
4308,新会
4309,电动车
4310,当日
4311,检测费
4312,及时
4313,水泥墩
4314,拯救费
4315,路桥
4316,正源
4317,配件部
4318,路安
4319,环
4320,采信人
4321,生产队
4322,南边
4323,泰园
4324,工业园
4325,平方米
4326,居委
4327,惠阳
4328,骨颈
4329,骨盆
4330,初始
4331,工资条
4332,签章
4333,互感器
4334,书本院
4335,同样
4336,就医
4337,交强险
4338,签证
4339,刘擎杰
4340,聚会
4341,树木
4342,胡庚美
4343,同伴
4344,阜沙镇
4345,阜港
4346,前方
4347,赵勇
4348,保管费
4349,清理费
4350,轮胎
4351,失职
4352,成本价
4353,得到
4354,快
4355,总部
4356,康安
4357,他性
4358,相互代表
4359,G大调
4360,悲伤
4361,铁契
4362,孔雀廊
4363,徐闻县
4364,抢险队
4365,延时
4366,值
4367,薪资
4368,请假
4369,工种
4370,服从
4371,休息日
4372,劳监部门
4373,张雪芳
4374,周秀慧
4375,1%
4376,梁某丙
4377,绝对
4378,巨款
4379,经验
4380,黄宝珍
4381,无据
4382,大型
4383,胡某某
4384,松柏塘
4385,联检楼
4386,税收
4387,税务
4388,限大宇
4389,纳税额
4390,江开法
4391,纳税人
4392,行初字
4393,粮食局
4394,入库
4395,搬运单
4396,吨
4397,购销
4398,经侦
4399,该队
4400,罗某
4401,联
4402,设立
4403,木工
4404,王占权
4405,转包费
4406,过往
4407,终结书
4408,彼此
4409,物价局
4410,雨水
4411,国
4412,清远市
4413,占
4414,复函
4415,言语
4416,离开
4417,手臂
4418,想
4419,全国
4420,茶叶类
4421,公用
4422,高建福
4423,品质
4424,周利民
4425,厚街
4426,CT
4427,借
4428,组织者
4429,黄裕
4430,518231.
4431,监护
4432,李银欣
4433,复查费
4434,规范性
4435,完税
4436,吴意莲
4437,帐号
4438,二初
4439,0.
4440,资料库
4441,周广通
4442,前段
4443,立据
4444,饭堂
4445,本数
4446,熊大
4447,杜丽婵
4448,群体
4449,汇总表
4450,姚某甲
4451,后轮
4452,姚某某
4453,大岭山
4454,保健
4455,姜文初
4456,龚凤美
4457,看管
4458,祖父
4459,32598.
4460,涉及
4461,南沙区
4462,首席
4463,风控官
4464,对冲
4465,大过
4466,分手
4467,黄海燕
4468,转
4469,卢结玲
4470,招商
4471,135707.
4472,某科
4473,周利发
4474,被代理人
4475,发出
4476,故意所
4477,城管
4478,使用权人
4479,先
4480,商住
4481,甲乙
4482,公寓
4483,层
4484,采
4485,体现
4486,拆除
4487,穆军
4488,2018年
4489,概况
4490,胡志高
4491,红海
4492,2015
4493,谈婚
4494,执行款
4495,7月份
4496,6月份
4497,结案
4498,强迫
4499,带病
4500,带薪
4501,允许
4502,服裁
4503,密码
4504,温优蕉
4505,唐慧
4506,下茆
4507,抱
4508,思想
4509,路线
4510,杀人
4511,48分
4512,附近
4513,内心
4514,心
4515,挣扎
4516,心态
4517,省道
4518,希望
4519,惨叫声
4520,流浪汉
4521,后排
4522,许显惠
4523,诉状
4524,底布
4525,马诺佩斯
4526,巫
4527,试行
4528,故汇龙城
4529,政府部门
4530,建筑物
4531,职能
4532,确权
4533,许昌义
4534,锥筒
4535,左侧
4536,粤A8FV86
4537,振兴路
4538,李某某
4539,退行性
4540,变
4541,腰椎
4542,何学森
4543,龙昌
4544,天然气
4545,燃气量
4546,百分之零陆
4547,张子群
4548,牟×1
4549,养驴厂
4550,代收款
4551,行政人员
4552,上浮
4553,款额
4554,正当行
4555,19420.
4556,平房
4557,存量
4558,杜孝明
4559,最高院
4560,小型轿
4561,强制险
4562,公安处
4563,杨爱仲
4564,名仰×2
4565,仰×1
4566,右手
4567,任何
4568,黄大喜
4569,特大
4570,二环三环
4571,饲养人
4572,频发
4573,室性
4574,领卡
4575,直系
4576,附属卡
4577,主卡
4578,挫伤
4579,唐×2
4580,多发
4581,仪式
4582,创造
4583,监察
4584,业绩量
4585,印刷
4586,宣传员
4587,宣传单
4588,五时
4589,从事
4590,颜面部
4591,胖子
4592,看
4593,太平桥
4594,旧
4595,荣紫嫣
4596,假
4597,提起
4598,外汇
4599,西城
4600,砸
4601,张生新
4602,乔令海
4603,挽回
4604,改善
4605,西单
4606,遗赠
4607,中电
4608,广通
4609,别墅
4610,扣留
4611,十一日
4612,东城
4613,梁井松
4614,苑×
4615,追究
4616,危
4617,居室
4618,入住
4619,徐某
4620,罗某某
4621,45分
4622,肖晓东
4623,安山
4624,澳华
4625,法发
4626,民
4627,专用章
4628,咨询费
4629,其他人
4630,拾
4631,沈某甲
4632,往来
4633,出票
4634,陈勇
4635,富某
4636,富
4637,表格
4638,吕某
4639,送达人
4640,浙江省
4641,生日
4642,代理制
4643,军事
4644,贯彻
4645,您
4646,田野光系
4647,通信
4648,保密
4649,仲字
4650,该委
4651,一十五日
4652,杨玉涛
4653,价签
4654,标注产地
4655,节假日
4656,行罚
4657,史培升
4658,分队
4659,人工费
4660,保温
4661,全款
4662,质保金
4663,缓慢
4664,进展
4665,活
4666,工地
4667,刘巍
4668,常住
4669,宋新伟
4670,豫A8XA22
4671,前进
4672,郭志毅
4673,焦作
4674,苏州桥
4675,京QX号
4676,京FY号
4677,定损
4678,桥
4679,修理
4680,王银芩
4681,陈发兴
4682,工作量
4683,干
4684,1987年
4685,任×
4686,孙丽军
4687,中介费
4688,鸽
4689,引起
4690,紫荆
4691,饲养者
4692,果
4693,贾
4694,居所
4695,具备
4696,十三日
4697,安秋菊
4698,生理
4699,软
4700,射
4701,验
4702,拉
4703,肌张力
4704,感觉
4705,内科
4706,脊髓
4707,中药
4708,腱
4709,消失
4710,神经
4711,瘫
4712,华大
4713,方瑞
4714,中衡
4715,三者
4716,购
4717,书写
4718,短
4719,椎体
4720,觉
4721,要挟
4722,桂建忠
4723,商
4724,许×
4725,伙同
4726,杨永发
4727,回购
4728,等价
4729,买受人均
4730,民监字
4731,登记证
4732,劳动局
4733,海关
4734,角
4735,赵国强
4736,装卸
4737,重点村
4738,惯例
4739,御都
4740,扶养
4741,原告田
4742,a
4743,拟
4744,使用方
4745,前置
4746,王蕾
4747,1999年
4748,复字
4749,合同制
4750,失业
4751,京发
4752,富润
4753,鼎城
4754,70%
4755,401
4756,转移单
4757,赵×2
4758,崇仁社
4759,起诉书
4760,变价款
4761,伏×
4762,安居
4763,召集人
4764,彩虹
4765,污染
4766,至
4767,待工
4768,薪酬
4769,姜
4770,11月份
4771,支气管炎
4772,核准
4773,流产
4774,会员
4775,杜家坎南路
4776,志新路
4777,王兰云
4778,王X2
4779,出生
4780,楼层
4781,认真
4782,履职
4783,承诺书
4784,缴费
4785,噪音
4786,刘复华
4787,脾
4788,肺
4789,铁锹
4790,重伤
4791,计划表
4792,陈新新
4793,对账
4794,并列
4795,原告单
4796,开具
4797,库管会
4798,采购部
4799,印刷厂
4800,大街
4801,朝阳区政府
4802,贾玲
4803,合同项
4804,按期
4805,还本
4806,另有
4807,折价
4808,应偿还
4809,邻居
4810,契约
4811,主办权
4812,主办
4813,力量
4814,私人
4815,友好
4816,策划案
4817,保障部
4818,亏损
4819,朝
4820,预留
4821,保留
4822,开放
4823,桓仁县
4824,满族
4825,新网
4826,商评字
4827,配
4828,资格证
4829,显著
4830,占有
4831,占有人
4832,退
4833,网签
4834,朱向东
4835,大名府
4836,汉字
4837,印象
4838,不合
4839,昌民初字
4840,石景山区
4841,实线
4842,本村
4843,前夫
4844,廉洁
4845,翻译
4846,人物
4847,印染厂
4848,南方
4849,英富森
4850,梅柯塞斯
4851,登陆
4852,馆藏
4853,墨香
4854,奥特蒙特
4855,洽商
4856,参考
4857,钝器
4858,斧锤
4859,继母
4860,劲儿
4861,单方面
4862,爸
4863,专人
4864,停车
4865,成本费
4866,保底
4867,保洁员
4868,结账单
4869,忠
4870,阻碍
4871,忠方
4872,手推车
4873,方便
4874,水源
4875,自
4876,通报
4877,于长友
4878,7点
4879,9点
4880,水表
4881,保持
4882,五月
4883,教育
4884,天津
4885,福城
4886,商业楼
4887,斗殴
4888,片
4889,客户端
4890,HD
4891,平板
4892,孙×2
4893,孙x4
4894,孙×1
4895,未成年
4896,行罚决字
4897,密切
4898,正义
4899,刘长成
4900,蒸锅
4901,唐海富
4902,自卸
4903,永安
4904,损
4905,通知卡
4906,曹宪奎
4907,谢晓雅
4908,豫K×
4909,刘玄
4910,幸运
4911,韩冰
4912,刘阳
4913,谷
4914,山东省
4915,观念
4916,锁门
4917,链子
4918,库管班长
4919,丁××
4920,地形
4921,小事
4922,收养
4923,佟国良
4924,骆驼
4925,全权
4926,声明书
4927,通过
4928,拼图
4929,拼
4930,生产商
4931,开办者
4932,赵凤华
4933,抵押人
4934,执行力
4935,签发
4936,报关行
4937,庄都
4938,食品行
4939,税号
4940,订货
4941,郭长军
4942,不明
4943,得知
4944,鑫麒隆
4945,邢淑芳
4946,沟区
4947,殴打
4948,倒地
4949,职员
4950,金卡
4951,知青
4952,房屋处
4953,退换货
4954,回证
4955,消灭
4956,吕振东
4957,公里
4958,前部
4959,AMNT
4960,建议权
4961,效果图
4962,应当
4963,中乾盛泰
4964,灯箱
4965,艾梅尼特
4966,AMNT艾梅尼特
4967,代理商
4968,赵遗全
4969,拆迁款
4970,质保期
4971,李建
4972,老人
4973,测绘队
4974,崔琳
4975,张育
4976,变相
4977,祁
4978,汉
4979,章程
4980,建议函
4981,谁
4982,关系系
4983,常温
4984,东湖
4985,税收入
4986,长虹北路
4987,鄂
4988,白色
4989,撬锁
4990,领条
4991,祝某
4992,瑞鑫
4993,10
4994,老师
4995,座位
4996,后背
4997,方所
4998,集资
4999,陈燕
5000,视为
5001,洪山
5002,家政
5003,九
5004,蔡甸
5005,杨雄平
5006,餐饮业
5007,商贸街
5008,评判
5009,公安厅
5010,厉坤驰
5011,住院费
5012,2772.
5013,行为地
5014,吉林
5015,利生
5016,合同标的
5017,瓦
5018,考察
5019,待
5020,双辽市
5021,托运费
5022,植物
5023,纤维
5024,常见
5025,防治
5026,试制
5027,可行性
5028,表层
5029,花斑
5030,质
5031,行政区域
5032,江岸区
5033,工商处
5034,罗明伟
5035,贾建东
5036,国务院
5037,爱上羊
5038,网页
5039,湖北
5040,曾都区
5041,否
5042,静脉
5043,核保
5044,天旭
5045,万龙
5046,煤
5047,矿务局
5048,矿井
5049,排水
5050,排水管
5051,PVC
5052,通行
5053,配用
5054,周×
5055,分包
5056,施工量
5057,停工
5058,商量
5059,词
5060,李遂镇
5061,包含
5062,细表
5063,极大
5064,了
5065,个
5066,保障型
5067,楼栋
5068,衍生
5069,万分之零
5070,克莱斯勒
5071,积极性
5072,茶城
5073,出售
5074,宋×1
5075,夜不归宿
5076,新闻社
5077,代办
5078,发出方
5079,标的物
5080,控股
5081,教师
5082,学院
5083,真假
5084,顾意顺
5085,道歉信
5086,降低
5087,特诉
5088,当地
5089,必然
5090,国产
5091,冷库
5092,德国
5093,四月
5094,厚
5095,台阶
5096,通道
5097,砖墙
5098,刘家坟
5099,承包法
5100,60%
5101,产量
5102,权确权
5103,玉米
5104,产值
5105,承包地
5106,户主
5107,史长霞
5108,陈×1
5109,黄xx
5110,教育费
5111,满春玲
5112,二十日
5113,竞
5114,须知
5115,严格
5116,法务
5117,英文版
5118,大使馆
5119,拖延
5120,自家
5121,王帅
5122,朱新辉
5123,记录表
5124,起居
5125,再
5126,车牌号
5127,并线
5128,不幸
5129,离世
5130,孙学惠
5131,因果关系
5132,1988年
5133,李香凝
5134,开拓
5135,销售部
5136,耳鼓膜
5137,中盛英华
5138,HISON
5139,元素
5140,海神
5141,形状
5142,线条
5143,写实
5144,风格
5145,两引证
5146,腿部
5147,张瑞正
5148,300万
5149,铁锤
5150,张某某
5151,肖勇
5152,鄂a
5153,行驶证
5154,32800.
5155,受让人
5156,何德伏
5157,地域
5158,海润
5159,2033年
5160,经营权证
5161,阮先刚
5162,自治
5163,资源厅
5164,自然资源
5165,歌曲
5166,经典
5167,滚石
5168,作曲库
5169,复制
5170,复制权
5171,取证费
5172,25分
5173,人社局
5174,社局
5175,专门
5176,责任人
5177,回答
5178,陈桂玉
5179,毛世芬
5180,佳南
5181,国用
5182,京山
5183,宋河镇
5184,轻机
5185,原则性
5186,谅解书
5187,郭海勇
5188,木森
5189,谷城
5190,鄂H×××××
5191,车载
5192,隔阂
5193,梅某
5194,帮助费
5195,米业
5196,规格
5197,千分之十
5198,仲裁地
5199,自卸货车
5200,椿木营乡
5201,甘椿
5202,4KM＋450M
5203,张秀东
5204,同居
5205,唐某甲
5206,身心健康
5207,王坪
5208,体炎
5209,肖
5210,婚
5211,分项
5212,吃喝玩
5213,冯某
5214,上半年
5215,达
5216,彭朝阳
5217,新融达
5218,益阳市
5219,分红
5220,彭爱初
5221,决策
5222,解散
5223,存续会
5224,保全费
5225,机制
5226,农场
5227,九监区
5228,砍伐
5229,运输费
5230,肝硬化
5231,神经系统
5232,雇主
5233,尹昌平
5234,所作所为
5235,起因
5236,冷水滩
5237,邓敬群
5238,华中
5239,红旗路
5240,交汇处
5241,总价款
5242,审批表
5243,执行费
5244,洞口县
5245,十四日
5246,澧行初
5247,房罚
5248,龚妮丽
5249,临湘市
5250,欧文革
5251,内部
5252,被告任
5253,支付表
5254,武
5255,见面
5256,提取
5257,丢弃
5258,段益武
5259,段益强
5260,小脑
5261,半球
5262,突发
5263,王某某
5264,中南
5265,湘雅司鉴
5266,香烟
5267,行政处罚
5268,杨某某
5269,11点
5270,她们
5271,方位
5272,赵某某
5273,照
5274,湘MC72XX号
5275,证词
5276,蒋
5277,某告
5278,被告省
5279,合肥市
5280,王新求
5281,王立仁
5282,冬茅路
5283,现款
5284,湛四
5285,无效性
5286,登记卡
5287,结婚证
5288,材料厂
5289,台班
5290,建设方永州市
5291,桩基
5292,刘权
5293,永州
5294,公函
5295,给水管
5296,标明
5297,生产者
5298,收缴
5299,政治权利
5300,防护
5301,桥架
5302,建筑业
5303,胫
5304,腓骨
5305,骨撕脱性
5306,距
5307,饲料店
5308,外墙
5309,私宅
5310,非市场
5311,我社
5312,万分之五点二九一二五
5313,取现
5314,透支利息
5315,凭
5316,平岭
5317,国庆村
5318,犯系数
5319,代表处
5320,海事
5321,大马力
5322,脱险
5323,值班
5324,锚地
5325,开航
5326,陆地
5327,调遣费
5328,116
5329,1425时
5330,适用法
5331,下水
5332,潜水队员
5333,船方
5334,随后
5335,提请
5336,油轮
5337,SSY
5338,修理费
5339,初步
5340,境外
5341,待命
5342,standby
5343,推
5344,浅
5345,驳减载
5346,海难
5347,船货
5348,不可分离性
5349,清退
5350,租用
5351,运送
5352,检验师
5353,讨论
5354,航海日志
5355,增删
5356,2002时
5357,艰难
5358,航海
5359,155.
5360,作
5361,美元
5362,救助方
5363,探摸
5364,高层
5365,高管
5366,iphone4S
5367,许某丁
5368,18：00
5369,出货价
5370,施某乙
5371,纪某乙
5372,代某
5373,纪某丙
5374,防盗锁
5375,锦玉
5376,1958年
5377,怀
5378,工程部
5379,乘车
5380,牛杂店
5381,饮食业
5382,评
5383,伤处
5384,摘抄
5385,在岗
5386,外出
5387,林文龙
5388,通济
5389,粤通
5390,司鉴
5391,损害抚
5392,抚
5393,手包
5394,日元
5395,土地管理法
5396,民众镇
5397,松皮
5398,星铁
5399,卷宗
5400,早晨
5401,鸿益
5402,众多
5403,钟某明
5404,谭某良
5405,紫金县
5406,饮酒
5407,安全感
5408,严肃
5409,冯碌仔
5410,陈海进
5411,高支模
5412,签订方
5413,校
5414,玖
5415,轨迹
5416,点
5417,2010
5418,监民
5419,汇信用社
5420,各行
5421,高法民
5422,任免
5423,党组
5424,研究
5425,法金
5426,93
5427,公司法定
5428,审监民
5429,贴息
5430,人才
5431,安装
5432,荔湾
5433,用资人
5434,公有
5435,责任方
5436,直管
5437,陈民初
5438,车管所
5439,仲恺
5440,诉请求
5441,詹素琼
5442,云罗
5443,山岗
5444,唐某英
5445,复核
5446,分担
5447,桡骨
5448,X（十）
5449,X（
5450,孔宪强于
5451,借用
5452,出入口
5453,灯柱
5454,缝隙
5455,复查
5456,澳塘村
5457,看病
5458,处方笺
5459,陈洁英
5460,字据
5461,元／天
5462,90
5463,护理期
5464,6418.
5465,30196.
5466,钢材款
5467,票据法
5468,实有
5469,追索权
5470,千分之三
5471,后息
5472,首付
5473,流动资金
5474,免交
5475,沪NP8588
5476,对向
5477,粤GMG709
5478,沪
5479,NP8588号
5480,司鉴所
5481,取出
5482,雷城
5483,沙龙
5484,理发店
5485,胞姐
5486,被鉴定人
5487,11669.
5488,8343.
5489,4912.
5490,漆
5491,聊天
5492,邓某
5493,戒毒所
5494,甲基苯丙胺
5495,享受
5496,总和
5497,超限
5498,人民币卡
5499,102059.
5500,行
5501,林凤兰
5502,安全性
5503,合同期
5504,应缴
5505,缴纳者
5506,代收
5507,管辖地
5508,周某康
5509,息
5510,吴成伦
5511,曾华梅
5512,香洲区
5513,rdquo
5514,美的
5515,拥挤
5516,反对
5517,张贴
5518,十日
5519,公
5520,征询
5521,顺建
5522,指标
5523,解释会
5524,顺规审
5525,蒋粤群
5526,查获
5527,954
5528,涌
5529,杏坛镇
5530,陆锡栋
5531,粤X28C76号
5532,谭浩徽
5533,袁勤海
5534,原被告
5535,佛
5536,顺德
5537,权属人
5538,自圆其说
5539,狡辩
5540,期数
5541,法民一终字
5542,郑某
5543,诉审字
5544,罗街
5545,租约
5546,西樵
5547,陆年
5548,为期
5549,租期
5550,告示
5551,附属物
5552,李春涛
5553,5449.
5554,罗成械
5555,打骂
5556,莫某某
5557,减轻
5558,中间
5559,血迹
5560,邹某
5561,埋伏
5562,守候
5563,龙
5564,晶体
5565,颗粒
5566,透明
5567,塑料袋
5568,抽屉
5569,贩毒
5570,曙光路
5571,嘉尔登
5572,潘
5573,偶犯
5574,太原市
5575,南京市
5576,上海市
5577,药某
5578,追索
5579,粤海
5580,指导
5581,太古
5582,祁光
5583,符德兴
5584,许昭璇
5585,格兰仕
5586,无责
5587,TQA8xx号
5588,阳恩斌
5589,被告乐卖特
5590,封条
5591,乐
5592,销售方
5593,离
5594,赵际文
5595,笋岗村
5596,便利店
5597,实任
5598,店员
5599,双手
5600,该店
5601,苟川东
5602,深福
5603,日万分之四
5604,交齐
5605,经
5606,备注
5607,述
5608,得当
5609,揭
5610,视
5611,授信
5612,中介方
5613,补齐
5614,少年王
5615,脚下
5616,卓某昌
5617,长长的
5618,声
5619,一起
5620,巨响
5621,充
5622,弯刀
5623,汕尾
5624,他家
5625,草
5626,黄坡
5627,吴川
5628,新市
5629,荣业
5630,粤J837AC号
5631,龙蟠村
5632,2KM＋800M
5633,转弯
5634,陈柏活
5635,生民初
5636,临时性
5637,黄泳涛
5638,同村
5639,塑料厂
5640,外地人
5641,1380969
5642,广泛
5643,下降
5644,中大
5645,辅料
5646,经济效益
5647,奥迪动漫
5648,原告派克
5649,文
5650,克
5651,冲击
5652,供奉
5653,神明
5654,叫法
5655,瓶
5656,民事经济
5657,后者
5658,F0RTUNE
5659,蒋顺娥
5660,物力
5661,佛教
5662,动机
5663,大众
5664,各项
5665,西门路
5666,广工
5667,五金店
5668,比
5669,6151HB
5670,考试
5671,搞好
5672,大家
5673,黄埔区
5674,江西
5675,庆鹏
5676,器械
5677,贾某
5678,受贿人
5679,招投标
5680,当年
5681,标
5682,李坤蓉
5683,续签
5684,售票点
5685,公安人员
5686,银子
5687,雅内
5688,麦伟勇
5689,李献萍
5690,岐山村
5691,横
5692,精神病
5693,厦门市
5694,鹭江
5695,圆形
5696,快干
5697,印油
5698,使用期
5699,存疑
5700,五金
5701,销售商
5702,一新
5703,辨别
5704,厦门
5705,登报
5706,首要
5707,论证
5708,异议裁
5709,DARDANKINGS
5710,笔帽
5711,塑料片
5712,工作证
5713,天河
5714,百货
5715,侵犯案
5716,燃气灶
5717,假冒
5718,进货单
5719,纸巾
5720,相似
5721,触角
5722,洁
5723,吉
5724,中下
5725,拼音
5726,字母
5727,吉柔
5728,变形
5729,典型
5730,刘宝瑜
5731,周卫红
5732,车房
5733,何结桃
5734,刘有钜
5735,姐妹
5736,一家
5737,口
5738,周金清
5739,计付
5740,存
5741,贮
5742,局域网上
5743,在线电影
5744,诚
5745,著作权法
5746,局域网
5747,配置
5748,当前
5749,桌面
5750,天堂
5751,赢利
5752,10-10-13
5753,盘点
5754,库存量
5755,推卸
5756,讼累
5757,推托
5758,年利率
5759,进一步
5760,上载
5761,公权
5762,整顿
5763,FZ／T97020
5764,针织横机
5765,喜
5766,达兴
5767,被告处
5768,陈瑞典
5769,打假
5770,扣押地
5771,娇
5772,电信
5773,浙杭
5774,吉民三
5775,珠中法
5776,购买者
5777,大小
5778,该经营者
5779,硬拽
5780,抢劫
5781,既遂
5782,门铃
5783,胖
5784,口径
5785,击
5786,弹药
5787,转身
5788,麻古
5789,瘦
5790,咀头村
5791,知觉
5792,一点
5793,秤
5794,深中法劳
5795,杜小伟
5796,万
5797,管运情
5798,通知证
5799,事实上
5800,改退
5801,经手人
5802,耿”
5803,2000
5804,专利局
5805,己
5806,江门
5807,库存
5808,故盈志
5809,致歉
5810,身性
5811,效果性
5812,紧邻
5813,功能性
5814,切换式
5815,滑槽
5816,绕
5817,分解
5818,绕枢轴
5819,摆动
5820,输送道轨
5821,E
5822,运动
5823,相比
5824,开闭
5825,下道
5826,K“
5827,倍数
5828,冯元定
5829,销售额
5830,堵
5831,降道
5832,下道轨
5833,I
5834,送饼轴
5835,N“当
5836,邓黎
5837,梁雪云
5838,审判长
5839,准据法
5840,删改
5841,62688.
5842,选择
5843,激烈
5844,搭载
5845,三轮车
5846,患肢
5847,i
5848,胜诉
5849,刘占椿
5850,负重
5851,封存
5852,广证
5853,内经字
5854,错漏
5855,篮球
5856,侵权者
5857,艾可丝
5858,义乌朗通
5859,工艺品
5860,场内
5861,鸿兴鸿晖
5862,拘禁
5863,李宇才
5864,低于
5865,室内
5866,中等
5867,532.
5868,房管
5869,被拆迁人
5870,歇业
5871,偿债
5872,共事
5873,南沙
5874,直辖市
5875,缴
5876,缴存
5877,穗天法
5878,上年
5879,核查
5880,申辩
5881,出入
5882,收发股
5883,东某
5884,联众厂
5885,收发
5886,调度
5887,铁废料
5888,妈妈
5889,磅单
5890,邝
5891,小姐
5892,南刑初
5893,看释字
5894,0556
5895,决定性
5896,废铁
5897,据为己
5898,置于
5899,总务处
5900,门岗
5901,入厂
5902,单证
5903,卸
5904,废料
5905,空车
5906,磅
5907,全程
5908,候审
5909,侵占
5910,合并
5911,惠东
5912,法民一初
5913,物价
5914,公力
5915,山
5916,惠东府
5917,惩罚
5918,法理
5919,估价
5920,肆仟元
5921,责任主体
5922,2631.
5923,17：30
5924,泰兴
5925,六
5926,测绘
5927,根源
5928,减
5929,戴某
5930,光华
5931,吊销
5932,票面
5933,雁田
5934,付款行
5935,根本性
5936,浮动
5937,预购
5938,房地
5939,一纸空文
5940,范伟清
5941,表见
5942,居间
5943,香樟绿洲
5944,复息
5945,427.
5946,赌博罪
5947,粤J697＊＊号
5948,民安南路
5949,红绿灯
5950,小榄
5951,工业
5952,工业区
5953,国道
5954,粤CJ20＊＊
5955,五初
5956,暂住证
5957,暂住
5958,两证人
5959,制品厂
5960,企业法
5961,广西
5962,博白县
5963,中二
5964,法民五初
5965,80014.
5966,蔡锦华
5967,陈爱清
5968,贤丰
5969,田心村田一
5970,陈志成
5971,无息贷款
5972,刘锐斌
5973,莫文安
5974,张鼎晔
5975,伯特利
5976,钢材店
5977,樟木头镇
5978,金域
5979,断供
5980,缺斤少两
5981,套内
5982,购楼
5983,购楼款
5984,套
5985,228885.
5986,契证税
5987,起讫
5988,45.
5989,供款
5990,192111.
5991,次月
5992,逾期日
5993,丰村村
5994,上午
5995,茶头坪村
5996,来到
5997,锄头
5998,木板
5999,梅埔
6000,元／年
6001,王XX
6002,伤害案
6003,案犯
6004,粤LXX597号
6005,欧绪
6006,限额项
6007,陈淑清
6008,164582.
6009,林头
6010,竹竿
6011,镰刀
6012,吴某娥
6013,械
6014,反思
6015,激化
6016,K1020号
6017,开平
6018,粤J790L1
6019,超标
6020,限度
6021,粤TEA＊＊＊
6022,五桂山
6023,万鑫
6024,知悉函
6025,车管
6026,拒赔
6027,卷
6028,评估费
6029,雄国
6030,配件费
6031,岛
6032,荒山
6033,3297.
6034,平山
6035,金山
6036,村道
6037,欧某政
6038,邱某明
6039,HL38XX号
6040,周开泉
6041,城镇化
6042,定残
6043,HL38XX
6044,诉累
6045,四会
6046,器厂
6047,15133
6048,1359.
6049,受害者
6050,常某
6051,庞淑玲
6052,梅华
6053,谢载波
6054,流田岗
6055,左外侧
6056,文明
6057,四时
6058,谢高祥
6059,谢志松
6060,谢达祥
6061,父母亲
6062,抢救
6063,时机
6064,张安平
6065,张小青方
6066,许家玮
6067,轮毂
6068,中裕丰田
6069,承修
6070,粤Y／38F＊＊
6071,左后方
6072,后杠
6073,横梁
6074,麦海斌
6075,麦炎平
6076,寄
6077,晚点
6078,l1月
6079,货损
6080,报价额
6081,单票
6082,保价费
6083,8996××54
6084,0571-8898××11
6085,答应
6086,等
6087,仲裁部
6088,锐
6089,灭失
6090,戴秋芳
6091,吴石青
6092,特质
6093,轮值
6094,白班
6095,抢险
6096,小点
6097,队长
6098,夜班表
6099,25451.
6100,奖惩
6101,黄忠南
6102,莫伯纯
6103,过期
6104,刷卡单
6105,保质期
6106,陈明江
6107,晏某
6108,邓粤明
6109,粤E7M843号
6110,环线
6111,高速
6112,南行
6113,K37
6114,大朗镇
6115,粤B091S6号
6116,自卸式
6117,原告主
6118,梁炎伦
6119,佛发
6120,自称
6121,介绍人
6122,情面
6123,坪地镇
6124,镇长
6125,泛泛
6126,翻拍件
6127,职业道德
6128,推理
6129,空子
6130,大桥
6131,常平镇
6132,粤S&times
6133,面上
6134,粤S
6135,非法定
6136,邓安
6137,京九
6138,煌朝
6139,濒危
6140,野生
6141,开平市
6142,基隆
6143,限改
6144,税法
6145,岑
6146,燕华
6147,XXXXX
6148,扣缴
6149,摆设
6150,梁某红
6151,不错
6152,港口库
6153,粮食
6154,接待
6155,搬运费
6156,扶某甲
6157,罗某芳
6158,起算
6159,延续性
6160,李某杰
6161,装卸单
6162,搬运工
6163,支出单
6164,来访
6165,作证
6166,不能
6167,结账表
6168,原先
6169,押金单
6170,原押金单
6171,任平友
6172,陈仕文
6173,透支款
6174,pos
6175,家门口
6176,T&rdquo
6177,拐弯
6178,盲点
6179,黄粮兴
6180,洲头洞
6181,阻挡
6182,分歧
6183,丰阳镇
6184,地基
6185,重量
6186,建设部
6187,徐少文
6188,查证
6189,征求
6190,端正
6191,语言
6192,交货
6193,救命
6194,铁罐
6195,档口
6196,茶协会
6197,龙井茶
6198,粤SKP150号
6199,偏重
6200,肯定
6201,大碍
6202,膝部
6203,左腓
6204,莞城
6205,半月板
6206,韧带
6207,余兴国
6208,蕉岭县
6209,梅蕉
6210,黄茂贵
6211,郭曲云
6212,冒险
6213,水库
6214,村庄
6215,常识
6216,中学生
6217,离校
6218,防范
6219,溺水
6220,粤S568T3
6221,杨成文
6222,暂时性
6223,做出
6224,参保人
6225,险种
6226,次数
6227,越
6228,失去
6229,改判
6230,6556093.
6231,安全帽
6232,配偶者
6233,借口
6234,歪曲
6235,缺点
6236,冯维某
6237,推翻
6238,商务会所
6239,吴文正
6240,弱势
6241,倒闭
6242,创立
6243,镀膜
6244,茂中
6245,法刑
6246,茂名
6247,监狱
6248,粤LWY688
6249,世强
6250,证据相
6251,生前
6252,照顾
6253,幼儿
6254,盲区
6255,回避
6256,真面目
6257,中秋
6258,风控
6259,汇报
6260,晚市场
6261,金凤凰
6262,凤岗镇
6263,村级
6264,睡觉
6265,1179.
6266,X×××××
6267,三菱
6268,德胜路
6269,纯水岸
6270,杏坛
6271,桑麻
6272,胁迫
6273,粤X＊＊＊
6274,大良
6275,云良路
6276,佩戴
6277,周利
6278,提留
6279,元／平方米
6280,15%
6281,构筑物
6282,二期
6283,穗综花
6284,钟梓冠
6285,汤浩
6286,非实际
6287,获取
6288,报批
6289,提供人
6290,自留地
6291,正华苑
6292,二审庭
6293,询
6294,规划法
6295,下酒店
6296,案涉人员
6297,同理
6298,中华人民共
6299,梁丽甜
6300,完满
6301,询问者
6302,嫌疑人
6303,元凶
6304,所有者
6305,误导
6306,宣称
6307,权证
6308,相悖
6309,驾驶罪
6310,罗志全
6311,嘉湖
6312,陪护
6313,显示
6314,28812.
6315,142763.
6316,小隐
6317,美晨
6318,发卡行
6319,开立
6320,穗花
6321,陪嫁
6322,月底
6323,民生
6324,深龙
6325,拘役
6326,请病假
6327,插卡
6328,客房
6329,交还
6330,708.
6331,送风
6332,阁楼
6333,楼道
6334,梯灯费
6335,嘉信
6336,非业主
6337,余浩然
6338,10月份
6339,1月份
6340,69000＋11350=
6341,自主
6342,葛某
6343,害怕
6344,小农
6345,多此一举
6346,理论
6347,同一个
6348,有利于
6349,全案
6350,过失类
6351,S260线
6352,脏
6353,爬
6354,基围
6355,斜坡
6356,无意识
6357,声音
6358,驾车
6359,侥幸
6360,追查
6361,主意
6362,急救
6363,路人
6364,自信
6365,发生地
6366,放下
6367,排斥
6368,HUWXXX
6369,哈飞牌
6370,护土墙
6371,上侧
6372,女流浪者
6373,120
6374,拾荒者
6375,衣物
6376,指
6377,那里
6378,马坡
6379,地豆镇
6380,死
6381,想法
6382,刑初
6383,绑架
6384,建行
6385,周小群
6386,吴世宇
6387,框架
6388,人造革
6389,订购
6390,订货单
6391,账款
6392,江城区
6393,裕兴隆
6394,福建
6395,黄焕生
6396,黄志康
6397,巫某某
6398,土地证
6399,公益
6400,出让案
6401,招拍挂
6402,订立
6403,转名
6404,金谷
6405,层面
6406,下西
6407,经联社
6408,曲江区
6409,YXR345
6410,反光
6411,追尾
6412,粤E7G407
6413,冯X生
6414,耕种
6415,苦
6416,锄禾日
6417,当午
6418,汤某
6419,腰
6420,横突
6421,质询
6422,维护
6423,供用气
6424,供用
6425,气
6426,张大伟
6427,骂
6428,曾
6429,延庆县
6430,延民初
6431,带领
6432,一半
6433,售房款
6434,日洋
6435,中盛恒通
6436,担保函
6437,直至
6438,×镇
6439,行医
6440,感冒
6441,病人
6442,上火
6443,原籍
6444,罚
6445,京丰
6446,蓝
6447,猫
6448,女方
6449,承租
6450,本上
6451,基准日
6452,韩天思
6453,鸿云兴业
6454,康复费
6455,伸缩
6456,吕
6457,仰
6458,掌骨
6459,扣款
6460,关于
6461,质押
6462,担
6463,西民初
6464,小工
6465,土
6466,积水
6467,细
6468,罚单
6469,郭风廷
6470,查看
6471,扑
6472,催费
6473,饲养
6474,狂犬
6475,疫苗
6476,搏
6477,休息
6478,误工期
6479,关
6480,1030.
6481,缺
6482,药品
6483,刘海东
6484,智高
6485,方略
6486,智高方略
6487,只
6488,免息还款期
6489,偿
6490,张宣杰
6491,唐×1
6492,拳头
6493,排队
6494,夏萍
6495,丰刑初字
6496,关全
6497,铁质
6498,折叠凳
6499,宋平
6500,于小辉
6501,并非
6502,售楼处
6503,盛景嘉
6504,盛景嘉和
6505,清晨
6506,高位
6507,工资卡
6508,补发
6509,工作制
6510,旺季
6511,降温
6512,天气
6513,露天
6514,杨总
6515,李菲菲
6516,餐巾纸
6517,酒瓶
6518,王保国
6519,主动
6520,投案
6521,东里
6522,吴×
6523,分支
6524,座便器
6525,隔断
6526,鲁×号
6527,复诊
6528,托儿费
6529,路程
6530,乳品厂
6531,80%
6532,3466.
6533,史
6534,另案
6535,飞机
6536,冷静
6537,冷暴力
6538,个性
6539,决心
6540,为主
6541,深厚
6542,极端
6543,搡
6544,后遗症
6545,塑料箱
6546,不够
6547,打火机
6548,取
6549,赠送
6550,胸针
6551,象征
6552,传统
6553,婚恋
6554,尹
6555,马兴华
6556,故华
6557,泰贝通
6558,地下
6559,室
6560,崔长青
6561,洪格
6562,594.
6563,数字
6564,1138.
6565,517.
6566,洪格连
6567,沙河镇
6568,七里渠村
6569,回报
6570,税
6571,季
6572,写
6573,12801.
6574,二中行
6575,李六顺
6576,聂×
6577,陈秀芳
6578,大兴
6579,金惠园
6580,免税
6581,一次性
6582,四
6583,半
6584,租房
6585,西都
6586,五终字
6587,缴获
6588,化验
6589,俊某
6590,白天
6591,晚班
6592,11时
6593,戒指
6594,被盗
6595,不见
6596,勒流
6597,普宁市
6598,预收
6599,总计
6600,清中
6601,本省
6602,53601868.
6603,猪肉
6604,非违约方
6605,伍万
6606,放
6607,林丽芬
6608,经纪方
6609,售房者
6610,兹
6611,坪地社
6612,水田
6613,熄灭
6614,烟头
6615,失火
6616,火灾
6617,邮寄
6618,详情单
6619,承认
6620,广本
6621,女装
6622,无牌
6623,冯某梅
6624,廖耀暖
6625,人防
6626,过分
6627,付息日
6628,吴某某
6629,姚国林
6630,江新法
6631,崖民初
6632,杨继金
6633,德庆县
6634,肇德
6635,分文
6636,李小强
6637,埃瑞普
6638,二○一三
6639,元甲律所
6640,执结
6641,2636.
6642,可
6643,事端
6644,染
6645,脸部
6646,碗
6647,碎片
6648,家暴
6649,调字
6650,三中
6651,李军
6652,王页
6653,胡希东
6654,法政
6655,印发
6656,炮兵
6657,装备
6658,水电气
6659,管网
6660,劳仲字
6661,概念
6662,二○一二年
6663,三月
6664,三十一日
6665,院务部
6666,营房处
6667,故本院
6668,装修款
6669,高汉
6670,地域性
6671,宜
6672,置
6673,200%
6674,揽客
6675,京公朝
6676,受到
6677,望京
6678,便民
6679,供暖季
6680,李斌
6681,骄阳
6682,福添
6683,提升机
6684,总体
6685,5月份
6686,肖×
6687,工钱
6688,新友
6689,到案
6690,祝×
6691,美容
6692,1900.
6693,万泉河
6694,辅路
6695,万泉河辅路
6696,苏州
6697,朝民初字
6698,何存宇
6699,挣
6700,工时制
6701,讨
6702,小时
6703,被告婚
6704,抚养权
6705,0一四年
6706,小型轿车
6707,KXXX
6708,此案
6709,中刑
6710,刑事犯罪
6711,共犯
6712,犯罪分子
6713,煎熬
6714,东门
6715,孤寡老人
6716,康都
6717,八鸽
6718,诊疗
6719,家园
6720,嘉园
6721,强力宁
6722,注射液
6723,原告家
6724,注射
6725,诱因
6726,霍×
6727,武X1
6728,担保书
6729,Ｏ年
6730,侯秀清
6731,T10
6732,椎棘
6733,压痛
6734,直
6735,丧失
6736,恶心
6737,呕吐感
6738,迫
6739,外侧
6740,膏药
6741,粘痕
6742,红肿
6743,塞
6744,右侧
6745,叩击
6746,下肢部
6747,神
6748,颈神经
6749,牵
6750,巴彬
6751,霍夫
6752,踝
6753,股骨
6754,X片
6755,弯曲
6756,肱
6757,肌
6758,好转
6759,董×
6760,总医院
6761,双
6762,康复
6763,全军
6764,软伤
6765,疼痛
6766,肾
6767,影像学
6768,轮椅费
6769,非骨折
6770,突出
6771,X线
6772,增生
6773,病情
6774,不适
6775,失禁
6776,小便
6777,大致
6778,营运证
6779,保养
6780,最近
6781,天安门
6782,起哄
6783,通江
6784,捷尔
6785,级别
6786,台湖
6787,遵循
6788,平面图
6789,霸王
6790,收房
6791,大民初字
6792,续订书
6793,就业证
6794,税库
6795,划归
6796,花
6797,批复
6798,办公会议
6799,承租方
6800,存在延
6801,少部分
6802,郑青山
6803,填写
6804,300%
6805,参股
6806,子公司
6807,京经
6808,有的
6809,叉车
6810,大通
6811,非政
6812,您好
6813,评议
6814,账
6815,乡
6816,期满
6817,顶
6818,解约文
6819,尾货
6820,知晓
6821,现案
6822,言
6823,李凤兰
6824,还款条
6825,出纳
6826,事物
6827,查询单
6828,安宝
6829,估算
6830,律师函
6831,整合
6832,编制
6833,薪
6834,工资单
6835,饭卡
6836,下发
6837,离岗
6838,双薪
6839,崔
6840,审批证
6841,马文涛
6842,使用证
6843,招租
6844,登记科
6845,服务性
6846,没收
6847,故宝
6848,华泰丰
6849,高刑
6850,外埠
6851,兰格网
6852,富润鼎城
6853,天亿
6854,亿
6855,欠款人
6856,刘培军
6857,本市
6858,微机
6859,参保
6860,社会保险局
6861,起止
6862,那边
6863,偏差
6864,诉书
6865,分院
6866,就业
6867,追缴项
6868,针对性
6869,个人犯
6870,常殿元
6871,专有
6872,总面积
6873,报送
6874,建工
6875,王煦
6876,安×
6877,合适
6878,林肯
6879,2006
6880,减免
6881,门禁
6882,不便
6883,消纳费
6884,现实
6885,可操作性
6886,3681.
6887,东城区
6888,摇旗呐喊
6889,留守
6890,留守人员
6891,化解
6892,代×
6893,患
6894,82079809
6895,学历
6896,经办
6897,李硕
6898,转租
6899,酒楼
6900,暴华
6901,周口店
6902,丢失
6903,王建华
6904,均分
6905,杜家
6906,石建银
6907,油漆工
6908,人长女
6909,马家堡
6910,含
6911,王X3
6912,共和国
6913,清河
6914,活动会
6915,住户
6916,催缴
6917,楼梯
6918,灰尘
6919,蜘蛛网
6920,墙上
6921,这些
6922,万分之三
6923,顺佳
6924,130%
6925,体育场
6926,蒲×
6927,合租
6928,该房
6929,婚龄
6930,这么
6931,双侧
6932,胸腔
6933,放款
6934,计划表表
6935,应还
6936,老总
6937,开会
6938,原告处
6939,业务员
6940,调离
6941,长平
6942,届满
6943,到位
6944,刘志林
6945,床
6946,回家
6947,朝政
6948,二○一三年
6949,陈文娟
6950,生意红
6951,己方
6952,422550.
6953,当时
6954,周岁
6955,1970年
6956,x村
6957,色树坟
6958,祖
6959,爷爷
6960,李x6
6961,曹玮
6962,投资款
6963,海南
6964,专款
6965,三亚市政府
6966,策划
6967,乙方本
6968,走账
6969,看出
6970,投资款费
6971,盈利
6972,举办
6973,郝建锋
6974,告知函
6975,备查账
6976,刘媛媛
6977,盘库表
6978,盘点表
6979,信函
6980,科学院
6981,抢注
6982,辽宁省
6983,升级
6984,开放期
6985,私利
6986,引
6987,分店
6988,职业
6989,在先
6990,昌民初
6991,吴×2
6992,修×1
6993,周×1
6994,阻挠
6995,侵占者
6996,宣武区
6997,浸泡
6998,不得已
6999,渗
7000,漏
7001,扩大
7002,可信
7003,谢×1
7004,赵××
7005,吴振山
7006,电话费
7007,开胃
7008,人大
7009,过渡
7010,稳定性
7011,组成
7012,容易
7013,表达
7014,祥瑞
7015,常用
7016,不好
7017,吵架
7018,和睦
7019,美满
7020,维系
7021,泽融
7022,依能利昂
7023,石民初
7024,陪护费
7025,停发
7026,找到
7027,应诉
7028,婚介
7029,注册地
7030,人事部
7031,筹建
7032,立法
7033,望
7034,排除
7035,焦志刚
7036,隔离带
7037,小红门
7038,乡政府
7039,忧郁症
7040,王X梅
7041,王X华
7042,铠甲
7043,授权书
7044,周秉毅
7045,事先
7046,Q版
7047,动画
7048,创作
7049,三园
7050,墨
7051,易瑞
7052,全文
7053,金华市
7054,开发者
7055,残疾证
7056,残疾人
7057,坡度
7058,增项
7059,踢脚
7060,木线
7061,消防门
7062,改
7063,上移
7064,透气窗
7065,责任所
7066,更改
7067,住
7068,承继人
7069,正方
7070,天鸿
7071,中投
7072,伟业
7073,当事
7074,主合同
7075,王小琳
7076,溢价
7077,期权
7078,融金智强
7079,能
7080,受害
7081,阴xx
7082,危险性
7083,电梯
7084,年检
7085,停放
7086,安保
7087,巡视
7088,泊位
7089,工时费
7090,店徽
7091,工牌
7092,纪律
7093,违责
7094,伊尹
7095,预分配
7096,派生
7097,履行期
7098,培训
7099,清扫
7100,后花园
7101,保卫
7102,非日常
7103,日报表
7104,海民初
7105,一审庭审
7106,违
7107,盗卖
7108,验资
7109,忠名
7110,重重
7111,人合
7112,愿
7113,知情
7114,成套
7115,节约
7116,正规
7117,当月
7118,本期
7119,绿地
7120,正是
7121,既
7122,往
7123,投递
7124,撤离
7125,当季
7126,以前
7127,有利
7128,学习
7129,花园路甲
7130,婚生子
7131,二○一五
7132,林×
7133,西民初字
7134,民申字
7135,迁
7136,你们
7137,421871.
7138,遥控器
7139,阴
7140,影片
7141,播
7142,老友记
7143,Androidpad版
7144,哪些
7145,浏览器
7146,在线
7147,存储
7148,搜索
7149,电波
7150,高清版
7151,剧集
7152,予
7153,银河
7154,后方
7155,顾×1
7156,被告孙
7157,x号
7158,子席
7159,潞城镇
7160,朝行初
7161,聚集
7162,传唤
7163,一样
7164,明浩
7165,泰然
7166,种植
7167,观光园
7168,碰
7169,完善
7170,手部
7171,贵宾卡
7172,京A×
7173,专业
7174,折旧
7175,停
7176,运
7177,固定资产
7178,卡片
7179,双班
7180,福安达
7181,自证
7182,4
7183,原值
7184,清障
7185,席卫华
7186,怀民初字
7187,怀民初
7188,残值
7189,净值
7190,66488.
7191,刘红斌
7192,马士勇
7193,5
7194,侵害人
7195,交管
7196,茹原
7197,金阳
7198,奉
7199,兵
7200,旁边
7201,花费
7202,高建民
7203,管护费
7204,张占元
7205,应对
7206,许昌
7207,钱财
7208,待证
7209,取款
7210,中奖
7211,MACBOOKPRO
7212,尾号
7213,优朋普乐
7214,倪国勤
7215,物权法
7216,石亚彬
7217,宅院
7218,位于
7219,全艳华
7220,江苏
7221,能源
7222,李各庄
7223,因丁国金
7224,承包人
7225,宿迁
7226,SUPER
7227,SUP⊙R
7228,经证字
7229,购物
7230,兴趣
7231,曹永政
7232,食指
7233,近节
7234,指骨
7235,孙×
7236,法制
7237,淡薄
7238,后门
7239,口罩
7240,回去
7241,出事
7242,马驹桥
7243,外衣
7244,裤子
7245,中和街
7246,身体权
7247,王久龙
7248,非上色
7249,“”
7250,选
7251,急需
7252,融信
7253,划转
7254,垫资
7255,非建委
7256,梁淑梅
7257,绝当
7258,周骏
7259,王文斌
7260,外商
7261,京信达
7262,夏天
7263,归类
7264,非食用
7265,鱼头
7266,冻品
7267,告诉
7268,考验
7269,角二
7270,sunny
7271,冻品行
7272,科丰桥
7273,市界段
7274,续证
7275,左上
7276,腹股
7277,xx排x
7278,xxx街
7279,xx排x号
7280,赵鹏飞
7281,该卡
7282,王淑琴
7283,共居人口
7284,门头沟区
7285,门民初
7286,经办人
7287,石担路
7288,冯村口
7289,法大
7290,研究所
7291,受损
7292,签字处
7293,介入
7294,加重
7295,4532.
7296,核减
7297,广江
7298,张广超
7299,口头形式
7300,赠品
7301,童装
7302,经销权
7303,库伦旗
7304,退换
7305,小叮当
7306,订
7307,剩
7308,差
7309,旅费
7310,爱
7311,童坊
7312,相信
7313,海行初
7314,信封
7315,特快
7316,伪证
7317,冯志江
7318,滦平东
7319,吕荣
7320,供应
7321,每年
7322,百分之二十二点四
7323,隗×
7324,蒋晓莉
7325,韩连社
7326,开业
7327,配备
7328,样板
7329,招贴
7330,损害方
7331,继承权
7332,保管
7333,执行人处
7334,遗嘱办
7335,施xx
7336,赵贵全
7337,预付款
7338,千分之一
7339,物资
7340,武圣北路
7341,外交部
7342,孙正
7343,代书人
7344,食道癌
7345,勘察
7346,遗嘱人
7347,1962年
7348,赵温兰
7349,张玉海
7350,许文荣
7351,翻建
7352,过世
7353,前后
7354,后世
7355,效用
7356,开始
7357,尤×
7358,尤凤芝
7359,麻峪西街
7360,贵院
7361,次子
7362,张源
7363,出力
7364,平面
7365,尤
7366,崔璐
7367,崔琪
7368,张慧义
7369,博亿财富
7370,姓
7371,强行性
7372,不顾
7373,汉阳区
7374,承办人
7375,政法
7376,578.
7377,人体
7378,卢某甲
7379,狠
7380,斗
7381,甲犯
7382,砍刀
7383,铲子
7384,周某甲
7385,陈大亮
7386,五峰
7387,民三初字第00295-1
7388,郑红春
7389,高新技术
7390,襄州区
7391,审裁定
7392,M15573
7393,门卫室
7394,购物卡
7395,视听
7396,邹某某
7397,金某某
7398,同案人
7399,专户
7400,李波
7401,例会
7402,笔戳
7403,右眼
7404,服务行业
7405,4%
7406,2‰
7407,兴
7408,涂和
7409,峰
7410,3%
7411,枝江市
7412,受伤所
7413,元月
7414,福康
7415,袁秀英
7416,吴俊
7417,刑事诉讼法
7418,厉
7419,汽运
7420,施救费
7421,调试
7422,泛
7423,制瓦
7424,吉林省
7425,交货地
7426,运费
7427,安装费
7428,氯化镁
7429,镁水泥
7430,改性剂
7431,围栏
7432,汇缴
7433,结算户
7434,氧化镁
7435,化学
7436,析出物
7437,碳酸钙型
7438,镁
7439,包装袋
7440,回避权
7441,联想
7442,行政处罚法
7443,MTV
7444,狼
7445,该片
7446,判赔
7447,泛华
7448,随州市
7449,曾都民初字
7450,随州
7451,晕倒
7452,证明实
7453,平滑
7454,肌瘤
7455,右下肢
7456,告知栏
7457,协和
7458,此次
7459,晏豪
7460,低保
7461,办公厅
7462,中办
7463,京煤
7464,被告院
7465,被告家
7466,采光
7467,交底
7468,配属房
7469,工长
7470,这里
7471,怕
7472,总结算
7473,分包人
7474,彩钢板
7475,让渡
7476,左堤路
7477,改建
7478,地上物
7479,小谢
7480,老齐
7481,明细单
7482,列明
7483,8.
7484,A型
7485,B型
7486,210年
7487,付福鼎
7488,标准化
7489,列入
7490,摇
7491,低收入
7492,楼栋权属
7493,圆满
7494,朱×
7495,附页
7496,安全座
7497,易
7498,开展
7499,上方
7500,拿走
7501,永久性
7502,某天
7503,丁岚
7504,金×
7505,退出
7506,燃气款
7507,贾海荣
7508,仲裁案
7509,英
7510,7
7511,指明
7512,孔黛碧
7513,进账单
7514,可得利益
7515,该项
7516,二○○三年
7517,防水槽
7518,科研
7519,×××
7520,艺术
7521,人格
7522,诽谤
7523,赵前所
7524,公告栏
7525,压力
7526,教学
7527,核
7528,体质
7529,天通
7530,苑××
7531,父母处
7532,刘成环
7533,DLEP-20X-EWL
7534,冷凝
7535,风机
7536,鲁华安
7537,故葆葆儿童
7538,领取
7539,支付日
7540,放在
7541,遗属
7542,该院落
7543,周××
7544,丧葬费
7545,建成
7546,石振平
7547,客）
7548,西大桥路
7549,四荒
7550,信息网
7551,桥梓
7552,农作物
7553,推进
7554,孙宝
7555,代表会
7556,门楼
7557,漏水
7558,来往
7559,莲花庵村
7560,用于
7561,王双
7562,德胜门
7563,卢沟桥
7564,丰台
7565,忠诚
7566,换锁
7567,适宜
7568,质问
7569,暧昧
7570,翠屏北里
7571,日万分之三
7572,原告金
7573,刘战
7574,油工
7575,二〇一四年
7576,七月
7577,二〇一五年
7578,原告金万
7579,附属
7580,竞价标的
7581,意向
7582,竞买人
7583,本场
7584,交割
7585,成交
7586,竞价标
7587,官方
7588,歧义
7589,中建中
7590,紧迫性
7591,基础性
7592,法语
7593,取消
7594,北交
7595,迁建
7596,起始价
7597,正文
7598,博览会
7599,独家
7600,场景
7601,加价
7602,竞买
7603,没收案
7604,王路华
7605,米
7606,砖道
7607,王路珍
7608,公摊
7609,胡福生
7610,挖掘机费
7611,通字
7612,补休
7613,请
7614,打卡
7615,养老保险费
7616,当
7617,折扣
7618,70％
7619,龚福爱
7620,劳动部
7621,劳部
7622,湘粤楼
7623,付覃杨耀
7624,愉快
7625,晚年
7626,感受
7627,年薪
7628,制衣
7629,李民强
7630,河北省
7631,审称
7632,熟肉制品
7633,调入
7634,案外人
7635,移转
7636,负有
7637,歉意
7638,隆福
7639,吴健
7640,施
7641,武功片
7642,表演
7643,月光
7644,李小龍
7645,消极
7646,4月份
7647,刘金玲
7648,销货单
7649,第二
7650,接触
7651,12559.
7652,HISON及图
7653,相近
7654,变体
7655,拼凑
7656,MASERATI及
7657,推广
7658,半圆形
7659,描画
7660,叉子
7661,别墅区
7662,眼
7663,毛巾
7664,柳林
7665,多方
7666,时
7667,中午
7668,奥迪轿车
7669,背部
7670,贷出
7671,夷陵区
7672,无牌号
7673,嘉陵牌
7674,罗汉
7675,农贸
7676,鸦
7677,龙泉
7678,小溪塔
7679,谭家冲
7680,刑律
7681,顺康
7682,护工
7683,观察
7684,西陵
7685,民初
7686,九鼎
7687,鑫濠通达
7688,对话
7689,鑫
7690,濠通达
7691,牌证
7692,刘诗松
7693,排水槽
7694,大修
7695,停车位
7696,张超
7697,征用
7698,阮湾
7699,媳妇
7700,议定
7701,组织处
7702,土资
7703,发文
7704,行他
7705,表亲
7706,温泉
7707,横沟
7708,中队
7709,副食
7710,批发店
7711,黄某甲虽
7712,温氏
7713,可信性
7714,单一
7715,钱伟
7716,贺胜
7717,火车
7718,工亡
7719,张玉顺
7720,陈斌
7721,理应
7722,毛木林
7723,豆制品
7724,高玲
7725,汪顺南
7726,身为
7727,利用
7728,鑫天浩
7729,房权证
7730,龚某甲
7731,咸安
7732,钱某
7733,18
7734,鼎恒
7735,人区
7736,石杰
7737,执行人区
7738,卫计征催字
7739,故区
7740,前次
7741,原告段
7742,襄阳
7743,原告段某
7744,慢车道
7745,但某
7746,刘小琴
7747,迁出
7748,系赘
7749,睦
7750,共同语言
7751,婚礼
7752,修补
7753,条据
7754,力越
7755,艾某某
7756,供方
7757,滕兴月
7758,保（维）修单
7759,长潭河乡
7760,集镇
7761,修单
7762,跟随
7763,娘家
7764,龚某
7765,肖某某
7766,睫状
7767,白内障
7768,注重
7769,异性
7770,基层
7771,甘露村
7772,混
7773,婚前
7774,限定
7775,车速
7776,孔垅五
7777,石材厂
7778,黄从明
7779,单县
7780,单民初字
7781,外地
7782,彩礼钱
7783,确实
7784,兄
7785,培养
7786,唐植辉
7787,欠款项
7788,永顺县
7789,承包田
7790,责任田
7791,田地
7792,界限
7793,增
7794,郁春燕
7795,株洲县
7796,法刑初
7797,敲诈勒索
7798,黑社会
7799,胡磊
7800,熙园
7801,利
7802,桃江县
7803,胡梦丰
7804,刘永安
7805,清产
7806,滨河
7807,载人
7808,肇事车
7809,乘坐
7810,结算额
7811,支额
7812,非交通
7813,空白
7814,十
7815,搭乘人
7816,硬膜
7817,血肿
7818,蛛网膜
7819,下腔
7820,60日
7821,120日
7822,复印费
7823,从属
7824,选任
7825,定作
7826,搭乘
7827,徐宗平
7828,伐树背树
7829,诊治
7830,7706.
7831,拖树
7832,长沙
7833,邱红泰
7834,轻佳乐
7835,牢固
7836,句
7837,伍
7838,损失日
7839,评定
7840,娄底市
7841,冷劳人
7842,永兴
7843,煤业
7844,变性
7845,代付
7846,自营
7847,划拨
7848,无形
7849,三通一平
7850,收购款
7851,土建工程
7852,立项
7853,中油
7854,零售
7855,站
7856,网
7857,摘
7858,租赁款
7859,代购
7860,农某
7861,分配明
7862,余××
7863,老屋组
7864,出嫁女
7865,担心
7866,失主
7867,房门
7868,某家
7869,黄文峰
7870,洞民初字
7871,二0一四年
7872,十二月
7873,张先维
7874,售后
7875,包租
7876,门面
7877,凯达
7878,中发
7879,美好
7880,主犯
7881,廖
7882,霍
7883,方某某
7884,1982年
7885,1990年
7886,减刑
7887,获释
7888,郴北民二初
7889,郴
7890,开劳
7891,龙亭
7892,休假日
7893,任某某
7894,161835.
7895,物证
7896,车头村
7897,支
7898,光碟
7899,出示
7900,住处
7901,同样式
7902,BD81
7903,书记
7904,武住处
7905,县级
7906,久
7907,武提
7908,音频
7909,断桥
7910,河里
7911,500G
7912,移动
7913,摄像机
7914,光学
7915,武陵区
7916,血管
7917,出血
7918,解剖
7919,涉嫌犯
7920,赌场内
7921,公安局潭湾
7922,翻闭
7923,辰公
7924,开设
7925,6点
7926,饭
7927,麻田
7928,唐长喜
7929,23点
7930,军
7931,果坨
7932,17
7933,张某昌
7934,米某某
7935,刘某玉
7936,潭湾镇
7937,乾隆山
7938,石碧乡
7939,概貌
7940,柚子
7941,云
7942,望风
7943,哨
7944,面值
7945,张小芳
7946,回来
7947,1961年
7948,初中
7949,造纸厂
7950,质证权
7951,002%
7952,由此
7953,标段
7954,何泽亮
7955,贺江
7956,一般性
7957,指派
7958,细致
7959,183.
7960,合刑
7961,周明星
7962,安徽省
7963,预供地
7964,城建投
7965,善后
7966,接触面
7967,否定
7968,土地转让金
7969,黄五林
7970,湘阴县
7971,文星镇
7972,芙蓉
7973,嵩涛路
7974,适应
7975,投资性
7976,合计
7977,谢某某
7978,公款
7979,砖厂
7980,退赃
7981,商务
7982,抽水机
7983,有力
7984,孔桩
7985,井口
7986,周边
7987,治理
7988,索要
7989,勘察院
7990,设计院
7991,驻
7992,建设方
7993,欺诈性
7994,断裂
7995,自来水
7996,道理
7997,248044.
7998,护壁
7999,厚度
8000,挖
8001,131811.
8002,可撤销性
8003,和平
8004,年代
8005,华新
8006,大楼
8007,罗道清
8008,成份
8009,质量法
8010,送检
8011,过路组
8012,李解
8013,江友清
8014,金雷牌
8015,金雷
8016,判决上诉人
8017,衡阳市
8018,潘剑锋
8019,珠晖区
